seed,path,class_name,y_true,encoder,pretrained,classifier,image_size,tile_size,width,height,n_tiles,global_score,tile_mean_score,tile_max_score,tile_top2_mean_score,tile_std_score,tile_max_minus_global
7,<repo>\data\raw\ishu_ai_vs_real_2026_seed7_test\AI-images\000000.png,AI-images,1,dinov2_vits14,True,logistic_regression,224,512,1122,1402,9,0.11091844737529755,0.6648766823216445,0.9834385514259338,0.982587605714798,0.3791672191194602,0.8725201040506363
7,<repo>\data\raw\ishu_ai_vs_real_2026_seed7_test\AI-images\000001.png,AI-images,1,dinov2_vits14,True,logistic_regression,224,512,1024,1024,9,0.9999996423721313,0.9972478813595242,1.0,0.9999998807907104,0.007661408258947652,3.5762786865234375e-07
7,<repo>\data\raw\ishu_ai_vs_real_2026_seed7_test\AI-images\000002.png,AI-images,1,dinov2_vits14,True,logistic_regression,224,512,768,768,9,0.7286058068275452,0.7646080321735806,0.8817325830459595,0.8739848732948303,0.09076082366218563,0.1531267762184143
7,<repo>\data\raw\ishu_ai_vs_real_2026_seed7_test\AI-images\000003.png,AI-images,1,dinov2_vits14,True,logistic_regression,224,512,768,768,9,0.9999279975891113,0.999880294005076,0.9999978542327881,0.9999920725822449,0.00012582453766776837,6.985664367675781e-05
7,<repo>\data\raw\ishu_ai_vs_real_2026_seed7_test\AI-images\000004.png,AI-images,1,dinov2_vits14,True,logistic_regression,224,512,768,768,9,0.9999996423721313,0.9999998675452338,1.0,1.0,1.426581490605276e-07,3.5762786865234375e-07
7,<repo>\data\raw\ishu_ai_vs_real_2026_seed7_test\AI-images\000005.png,AI-images,1,dinov2_vits14,True,logistic_regression,224,512,768,768,9,0.9976779818534851,0.9994751546117995,0.999984622001648,0.9999740123748779,0.001044746105050357,0.002306640148162842
7,<repo>\data\raw\ishu_ai_vs_real_2026_seed7_test\AI-images\000006.jpeg,AI-images,1,dinov2_vits14,True,logistic_regression,224,512,1024,559,9,0.0012812267523258924,0.4495010429733763,0.9998416900634766,0.999754786491394,0.43334876788910953,0.9985604633111507
7,<repo>\data\raw\ishu_ai_vs_real_2026_seed7_test\AI-images\000007.png,AI-images,1,dinov2_vits14,True,logistic_regression,224,512,768,768,9,0.9922550916671753,0.6370555277551628,0.9999825954437256,0.9999470114707947,0.436310171433045,0.007727503776550293
7,<repo>\data\raw\ishu_ai_vs_real_2026_seed7_test\AI-images\000008.png,AI-images,1,dinov2_vits14,True,logistic_regression,224,512,1024,1024,9,0.9961615800857544,0.9537134501669142,0.9999986886978149,0.9999980330467224,0.10293201958366809,0.003837108612060547
7,<repo>\data\raw\ishu_ai_vs_real_2026_seed7_test\AI-images\000009.png,AI-images,1,dinov2_vits14,True,logistic_regression,224,512,1402,1122,9,0.9861646294593811,0.8910964243113995,0.9999960660934448,0.9999920725822449,0.29447686731879175,0.01383143663406372
7,<repo>\data\raw\ishu_ai_vs_real_2026_seed7_test\AI-images\000010.png,AI-images,1,dinov2_vits14,True,logistic_regression,224,512,768,768,9,1.0,0.9999394681718614,1.0,1.0,0.00015298284778288382,0.0
7,<repo>\data\raw\ishu_ai_vs_real_2026_seed7_test\AI-images\000011.png,AI-images,1,dinov2_vits14,True,logistic_regression,224,512,1402,1122,9,0.5380603075027466,0.7140095457434654,0.9943187832832336,0.9926749765872955,0.3145345547580043,0.45625847578048706
7,<repo>\data\raw\ishu_ai_vs_real_2026_seed7_test\AI-images\000012.png,AI-images,1,dinov2_vits14,True,logistic_regression,224,512,696,740,9,0.9999986886978149,0.9999999867545234,1.0,1.0,3.7463865343016915e-08,1.3113021850585938e-06
7,<repo>\data\raw\ishu_ai_vs_real_2026_seed7_test\AI-images\000013.png,AI-images,1,dinov2_vits14,True,logistic_regression,224,512,1536,1024,9,0.9999732971191406,0.9997340904341804,0.9999998807907104,0.9999998807907104,0.0006336432466193402,2.658367156982422e-05
7,<repo>\data\raw\ishu_ai_vs_real_2026_seed7_test\AI-images\000014.png,AI-images,1,dinov2_vits14,True,logistic_regression,224,512,700,768,9,0.02403574436903,0.16193998776705282,0.8880935907363892,0.6696784049272537,0.2922700698543006,0.8640578463673592
7,<repo>\data\raw\ishu_ai_vs_real_2026_seed7_test\AI-images\000015.png,AI-images,1,dinov2_vits14,True,logistic_regression,224,512,1366,724,9,0.998819887638092,0.7642910960647795,0.9959206581115723,0.9902408123016357,0.2897734739537232,-0.0028992295265197754
7,<repo>\data\raw\ishu_ai_vs_real_2026_seed7_test\AI-images\000016.png,AI-images,1,dinov2_vits14,True,logistic_regression,224,512,1024,1024,9,1.0,0.9999999470180936,1.0,1.0,1.1394189817432068e-07,0.0
7,<repo>\data\raw\ishu_ai_vs_real_2026_seed7_test\AI-images\000017.png,AI-images,1,dinov2_vits14,True,logistic_regression,224,512,665,756,9,8.549619110453932e-07,3.7856863826846165e-05,0.0002875139471143484,0.00015543071458523627,8.851047499584964e-05,0.000286658985203303
7,<repo>\data\raw\ishu_ai_vs_real_2026_seed7_test\AI-images\000018.jpeg,AI-images,1,dinov2_vits14,True,logistic_regression,224,512,1024,559,9,0.9969985485076904,0.5645706914365292,0.9883538484573364,0.986937552690506,0.39364079960869686,-0.008644700050354004
7,<repo>\data\raw\ishu_ai_vs_real_2026_seed7_test\AI-images\000019.png,AI-images,1,dinov2_vits14,True,logistic_regression,224,512,1536,1024,9,0.999110758304596,0.977541426817576,0.9999948740005493,0.9999833703041077,0.03927416596069338,0.0008841156959533691
7,<repo>\data\raw\ishu_ai_vs_real_2026_seed7_test\AI-images\000020.png,AI-images,1,dinov2_vits14,True,logistic_regression,224,512,768,768,9,0.9944697618484497,0.997892697652181,0.9998661279678345,0.999859094619751,0.0021458637118716237,0.005396366119384766
7,<repo>\data\raw\ishu_ai_vs_real_2026_seed7_test\AI-images\000021.png,AI-images,1,dinov2_vits14,True,logistic_regression,224,512,768,768,9,0.9992196559906006,0.994935585392846,0.9999617338180542,0.9996499121189117,0.007302489118099517,0.0007420778274536133
7,<repo>\data\raw\ishu_ai_vs_real_2026_seed7_test\AI-images\000022.png,AI-images,1,dinov2_vits14,True,logistic_regression,224,512,1402,1122,9,0.8978515267372131,0.80846857417944,0.9999961853027344,0.9999948740005493,0.3253642814253515,0.10214465856552124
7,<repo>\data\raw\ishu_ai_vs_real_2026_seed7_test\AI-images\000023.png,AI-images,1,dinov2_vits14,True,logistic_regression,224,512,768,768,9,0.781241238117218,0.8822669353750017,0.9990725517272949,0.9990312159061432,0.21334267016663486,0.2178313136100769
7,<repo>\data\raw\ishu_ai_vs_real_2026_seed7_test\AI-images\000024.png,AI-images,1,dinov2_vits14,True,logistic_regression,224,512,656,580,9,0.9863014221191406,0.991847124364641,0.9991152882575989,0.9983336925506592,0.006421710590645526,0.012813866138458252
7,<repo>\data\raw\ishu_ai_vs_real_2026_seed7_test\AI-images\000025.png,AI-images,1,dinov2_vits14,True,logistic_regression,224,512,1024,1024,9,0.9999185800552368,0.9996630152066549,0.9999998807907104,0.9999995827674866,0.00038027407626411736,8.130073547363281e-05
7,<repo>\data\raw\ishu_ai_vs_real_2026_seed7_test\AI-images\000026.png,AI-images,1,dinov2_vits14,True,logistic_regression,224,512,1375,749,9,0.993883490562439,0.7462025297184786,0.9999923706054688,0.9999390840530396,0.3738483582081437,0.006108880043029785
7,<repo>\data\raw\ishu_ai_vs_real_2026_seed7_test\AI-images\000027.png,AI-images,1,dinov2_vits14,True,logistic_regression,224,512,1024,1024,9,0.9999929666519165,0.9999714295069376,1.0,1.0,4.70079781803189e-05,7.033348083496094e-06
7,<repo>\data\raw\ishu_ai_vs_real_2026_seed7_test\AI-images\000028.png,AI-images,1,dinov2_vits14,True,logistic_regression,224,512,768,768,9,0.8794237971305847,0.9736810591485765,0.996751070022583,0.9964233338832855,0.023693740248361586,0.11732727289199829
7,<repo>\data\raw\ishu_ai_vs_real_2026_seed7_test\AI-images\000029.jpeg,AI-images,1,dinov2_vits14,True,logistic_regression,224,512,1024,559,9,0.9999998807907104,0.9998905526267158,1.0,1.0,0.00024340673565654883,1.1920928955078125e-07
7,<repo>\data\raw\ishu_ai_vs_real_2026_seed7_test\AI-images\000030.png,AI-images,1,dinov2_vits14,True,logistic_regression,224,512,1024,1024,9,0.9998669624328613,0.999602735042572,0.9999986886978149,0.9999980330467224,0.001092693048399425,0.00013172626495361328
7,<repo>\data\raw\ishu_ai_vs_real_2026_seed7_test\AI-images\000031.png,AI-images,1,dinov2_vits14,True,logistic_regression,224,512,1122,1402,9,1.0,0.9679919547504849,0.9999997615814209,0.9999995827674866,0.08720901984050014,-2.384185791015625e-07
7,<repo>\data\raw\ishu_ai_vs_real_2026_seed7_test\AI-images\000032.png,AI-images,1,dinov2_vits14,True,logistic_regression,224,512,1024,1024,9,0.996669590473175,0.7358795172638364,0.9851868748664856,0.9832115471363068,0.3190121426852307,-0.011482715606689453
7,<repo>\data\raw\ishu_ai_vs_real_2026_seed7_test\AI-images\000033.png,AI-images,1,dinov2_vits14,True,logistic_regression,224,512,2816,1536,9,0.8895897269248962,0.8413354608540734,0.9999997615814209,0.9999991655349731,0.3217858769797242,0.11041003465652466
7,<repo>\data\raw\ishu_ai_vs_real_2026_seed7_test\AI-images\000034.png,AI-images,1,dinov2_vits14,True,logistic_regression,224,512,899,746,9,0.9999470710754395,0.9995268119706048,0.9999954700469971,0.9999951720237732,0.000798931951121936,4.839897155761719e-05
7,<repo>\data\raw\ishu_ai_vs_real_2026_seed7_test\AI-images\000035.png,AI-images,1,dinov2_vits14,True,logistic_regression,224,512,677,657,9,4.437119059730321e-05,0.0008546562845973918,0.0019844009075313807,0.001676361949648708,0.0005334113845065307,0.0019400297169340774
7,<repo>\data\raw\ishu_ai_vs_real_2026_seed7_test\AI-images\000036.png,AI-images,1,dinov2_vits14,True,logistic_regression,224,512,1024,1024,9,0.013771679252386093,0.12338994704704317,0.46343520283699036,0.40581604838371277,0.16583320335488175,0.44966352358460426
7,<repo>\data\raw\ishu_ai_vs_real_2026_seed7_test\AI-images\000037.png,AI-images,1,dinov2_vits14,True,logistic_regression,224,512,768,768,9,0.9999998807907104,0.9999998145633273,1.0,1.0,3.0836652985739217e-07,1.1920928955078125e-07
7,<repo>\data\raw\ishu_ai_vs_real_2026_seed7_test\AI-images\000038.png,AI-images,1,dinov2_vits14,True,logistic_regression,224,512,924,741,9,0.9997082352638245,0.9987854626443651,0.9999951124191284,0.9999938011169434,0.0021646976053700147,0.0002868771553039551
7,<repo>\data\raw\ishu_ai_vs_real_2026_seed7_test\AI-images\000039.png,AI-images,1,dinov2_vits14,True,logistic_regression,224,512,768,768,9,0.9417528510093689,0.23158539042601156,0.8766626715660095,0.6165718883275986,0.25908915473020006,-0.06509017944335938
7,<repo>\data\raw\ishu_ai_vs_real_2026_seed7_test\AI-images\000040.png,AI-images,1,dinov2_vits14,True,logistic_regression,224,512,1402,1122,9,0.9999997615814209,0.9999995628992716,1.0,1.0,9.94205157216136e-07,2.384185791015625e-07
7,<repo>\data\raw\ishu_ai_vs_real_2026_seed7_test\AI-images\000041.png,AI-images,1,dinov2_vits14,True,logistic_regression,224,512,1024,1024,9,0.9982568621635437,0.9195221861203512,0.9957373142242432,0.995280921459198,0.06436555963706558,-0.002519547939300537
7,<repo>\data\raw\ishu_ai_vs_real_2026_seed7_test\AI-images\000042.png,AI-images,1,dinov2_vits14,True,logistic_regression,224,512,1383,738,9,0.9916421175003052,0.6781248218483396,0.9999387264251709,0.9998977184295654,0.3308983958716312,0.008296608924865723
7,<repo>\data\raw\ishu_ai_vs_real_2026_seed7_test\AI-images\000043.png,AI-images,1,dinov2_vits14,True,logistic_regression,224,512,768,768,9,0.9999963045120239,0.9997738666004605,0.999998927116394,0.9999977946281433,0.0003551051210923886,2.6226043701171875e-06
7,<repo>\data\raw\ishu_ai_vs_real_2026_seed7_test\AI-images\000044.jpeg,AI-images,1,dinov2_vits14,True,logistic_regression,224,512,1024,559,9,0.9970372915267944,0.9891912076208327,0.9998630285263062,0.9997058808803558,0.01925646283780832,0.0028257369995117188
7,<repo>\data\raw\ishu_ai_vs_real_2026_seed7_test\AI-images\000045.png,AI-images,1,dinov2_vits14,True,logistic_regression,224,512,922,755,9,0.9982656836509705,0.988863488038381,0.9999816417694092,0.9999677538871765,0.018635365987938038,0.0017159581184387207
7,<repo>\data\raw\ishu_ai_vs_real_2026_seed7_test\AI-images\000046.png,AI-images,1,dinov2_vits14,True,logistic_regression,224,512,2816,1536,9,1.0,0.9827395545111762,1.0,0.9999998211860657,0.0293142638870999,0.0
7,<repo>\data\raw\ishu_ai_vs_real_2026_seed7_test\AI-images\000047.png,AI-images,1,dinov2_vits14,True,logistic_regression,224,512,1024,1024,9,0.9999349117279053,0.9999248650338914,0.9999997615814209,0.9999988079071045,6.670714096869047e-05,6.4849853515625e-05
7,<repo>\data\raw\ishu_ai_vs_real_2026_seed7_test\AI-images\000048.png,AI-images,1,dinov2_vits14,True,logistic_regression,224,512,768,768,9,0.9977608919143677,0.46860326681700015,0.9922756552696228,0.909914642572403,0.32263654007170856,-0.005485236644744873
7,<repo>\data\raw\ishu_ai_vs_real_2026_seed7_test\AI-images\000049.png,AI-images,1,dinov2_vits14,True,logistic_regression,224,512,1122,1402,9,0.08942724019289017,0.7185040600597858,0.9998325109481812,0.9989437460899353,0.3651050790157581,0.910405270755291
7,<repo>\data\raw\ishu_ai_vs_real_2026_seed7_test\AI-images\000050.png,AI-images,1,dinov2_vits14,True,logistic_regression,224,512,1402,1122,9,0.013483705930411816,0.2996402020742405,0.9037608504295349,0.8430642187595367,0.35144023680616715,0.8902771444991231
7,<repo>\data\raw\ishu_ai_vs_real_2026_seed7_test\AI-images\000051.png,AI-images,1,dinov2_vits14,True,logistic_regression,224,512,768,768,9,0.9999998807907104,0.9999999072816637,1.0,1.0,1.463010710767542e-07,1.1920928955078125e-07
7,<repo>\data\raw\ishu_ai_vs_real_2026_seed7_test\AI-images\000052.png,AI-images,1,dinov2_vits14,True,logistic_regression,224,512,768,768,9,0.9999868869781494,0.9999987151887682,0.9999992847442627,0.9999992847442627,4.3810302439110084e-07,1.239776611328125e-05
7,<repo>\data\raw\ishu_ai_vs_real_2026_seed7_test\AI-images\000053.png,AI-images,1,dinov2_vits14,True,logistic_regression,224,512,1024,1024,9,1.0,0.999938858879937,1.0,0.9999999403953552,8.854861417314455e-05,0.0
7,<repo>\data\raw\ishu_ai_vs_real_2026_seed7_test\AI-images\000054.png,AI-images,1,dinov2_vits14,True,logistic_regression,224,512,1408,768,9,0.967631459236145,0.9932080441051059,0.9999808073043823,0.9996048212051392,0.010186277411726261,0.032349348068237305
7,<repo>\data\raw\ishu_ai_vs_real_2026_seed7_test\AI-images\000055.png,AI-images,1,dinov2_vits14,True,logistic_regression,224,512,768,768,9,0.9880296587944031,0.9347467488712735,0.9887912273406982,0.9871901571750641,0.05408437782662636,0.000761568546295166
7,<repo>\data\raw\ishu_ai_vs_real_2026_seed7_test\Real-images\000056.jpg,Real-images,0,dinov2_vits14,True,logistic_regression,224,512,6000,4000,9,0.0004869943077210337,0.08725866087605165,0.5773783922195435,0.36580220609903336,0.17980936626532049,0.5768913979118224
7,<repo>\data\raw\ishu_ai_vs_real_2026_seed7_test\Real-images\000057.jpg,Real-images,0,dinov2_vits14,True,logistic_regression,224,512,433,650,3,0.07539468258619308,0.010877077040883401,0.02240300178527832,0.015524386893957853,0.008645145436777194,-0.052991680800914764
7,<repo>\data\raw\ishu_ai_vs_real_2026_seed7_test\Real-images\000058.jpg,Real-images,0,dinov2_vits14,True,logistic_regression,224,512,1080,1080,9,0.11847249418497086,0.044329171150416694,0.3143804967403412,0.17158021591603756,0.09601064840045975,0.19590800255537033
7,<repo>\data\raw\ishu_ai_vs_real_2026_seed7_test\Real-images\000059.jpeg,Real-images,0,dinov2_vits14,True,logistic_regression,224,512,200,253,1,0.4452793002128601,0.4452793002128601,0.4452793002128601,0.4452793002128601,0.0,0.0
7,<repo>\data\raw\ishu_ai_vs_real_2026_seed7_test\Real-images\000060.jpg,Real-images,0,dinov2_vits14,True,logistic_regression,224,512,3456,2304,9,0.9993282556533813,0.5377191259144133,0.9999790191650391,0.9994578063488007,0.4618864237286526,0.0006507635116577148
7,<repo>\data\raw\ishu_ai_vs_real_2026_seed7_test\Real-images\000061.jpg,Real-images,0,dinov2_vits14,True,logistic_regression,224,512,3085,4096,9,0.0056833382695913315,0.0323242263424643,0.2864014804363251,0.14435378706548363,0.08983314109252645,0.28071814216673374
7,<repo>\data\raw\ishu_ai_vs_real_2026_seed7_test\Real-images\000062.jpeg,Real-images,0,dinov2_vits14,True,logistic_regression,224,512,275,183,1,0.008097153156995773,0.008097153156995773,0.008097153156995773,0.008097153156995773,0.0,0.0
7,<repo>\data\raw\ishu_ai_vs_real_2026_seed7_test\Real-images\000063.jpg,Real-images,0,dinov2_vits14,True,logistic_regression,224,512,1080,1080,9,0.9995217323303223,0.31488672441143234,0.9982345104217529,0.9103620052337646,0.3704441819219743,-0.001287221908569336
7,<repo>\data\raw\ishu_ai_vs_real_2026_seed7_test\Real-images\000064.jpeg,Real-images,0,dinov2_vits14,True,logistic_regression,224,512,625,350,3,0.8629690408706665,0.9020786682764689,0.93398118019104,0.913566380739212,0.023276120088169733,0.07101213932037354
7,<repo>\data\raw\ishu_ai_vs_real_2026_seed7_test\Real-images\000065.jpg,Real-images,0,dinov2_vits14,True,logistic_regression,224,512,612,408,3,0.8218567371368408,0.9691603382428488,0.9870145320892334,0.9814381897449493,0.017950534002522216,0.16515779495239258
7,<repo>\data\raw\ishu_ai_vs_real_2026_seed7_test\Real-images\000066.jpg,Real-images,0,dinov2_vits14,True,logistic_regression,224,512,1080,1080,9,0.9996629953384399,0.6539933830499649,0.9999995231628418,0.999994695186615,0.4339302971188635,0.00033652782440185547
7,<repo>\data\raw\ishu_ai_vs_real_2026_seed7_test\Real-images\000067.jpg,Real-images,0,dinov2_vits14,True,logistic_regression,224,512,612,408,3,0.48256194591522217,0.6459853748480479,0.9679518938064575,0.9370741248130798,0.41243295833918914,0.48538994789123535
7,<repo>\data\raw\ishu_ai_vs_real_2026_seed7_test\Real-images\000068.jpg,Real-images,0,dinov2_vits14,True,logistic_regression,224,512,433,650,3,0.9999994039535522,0.9999164541562399,0.9999994039535522,0.9999939799308777,0.00010972741140837453,0.0
7,<repo>\data\raw\ishu_ai_vs_real_2026_seed7_test\Real-images\000069.jpg,Real-images,0,dinov2_vits14,True,logistic_regression,224,512,4752,3168,9,0.0005665480857715011,0.1950528774880935,0.9974079728126526,0.8689683973789215,0.3652917893840777,0.9968414247268811
7,<repo>\data\raw\ishu_ai_vs_real_2026_seed7_test\Real-images\000070.jpg,Real-images,0,dinov2_vits14,True,logistic_regression,224,512,433,650,3,1.0,1.0,1.0,1.0,0.0,0.0
7,<repo>\data\raw\ishu_ai_vs_real_2026_seed7_test\Real-images\000071.jpg,Real-images,0,dinov2_vits14,True,logistic_regression,224,512,1080,1138,9,3.346833864270593e-06,0.08814455001187424,0.7913531064987183,0.3962895897566341,0.2486220890240999,0.791349759664854
7,<repo>\data\raw\ishu_ai_vs_real_2026_seed7_test\Real-images\000072.jpg,Real-images,0,dinov2_vits14,True,logistic_regression,224,512,1080,1080,9,1.0,0.9999696281221178,0.9999992847442627,0.9999991059303284,2.6269643945782333e-05,-7.152557373046875e-07
7,<repo>\data\raw\ishu_ai_vs_real_2026_seed7_test\Real-images\000073.jpeg,Real-images,0,dinov2_vits14,True,logistic_regression,224,512,282,179,1,0.9745819568634033,0.9745819568634033,0.9745819568634033,0.9745819568634033,0.0,0.0
7,<repo>\data\raw\ishu_ai_vs_real_2026_seed7_test\Real-images\000074.jpg,Real-images,0,dinov2_vits14,True,logistic_regression,224,512,1080,1130,9,0.9999895095825195,0.9847930669784546,1.0,1.0,0.022345927300385104,1.049041748046875e-05
7,<repo>\data\raw\ishu_ai_vs_real_2026_seed7_test\Real-images\000075.jpg,Real-images,0,dinov2_vits14,True,logistic_regression,224,512,3968,2976,9,0.0036965827457606792,0.008642488382101379,0.05724196135997772,0.03885734919458628,0.018328923988917827,0.05354537861421704
7,<repo>\data\raw\ishu_ai_vs_real_2026_seed7_test\Real-images\000076.jpg,Real-images,0,dinov2_vits14,True,logistic_regression,224,512,1080,1146,9,1.0,0.997278889020284,1.0,1.0,0.007613485745019857,0.0
7,<repo>\data\raw\ishu_ai_vs_real_2026_seed7_test\Real-images\000077.jpeg,Real-images,0,dinov2_vits14,True,logistic_regression,224,512,275,184,1,0.048446111381053925,0.048446111381053925,0.048446111381053925,0.048446111381053925,0.0,0.0
7,<repo>\data\raw\ishu_ai_vs_real_2026_seed7_test\Real-images\000078.jpg,Real-images,0,dinov2_vits14,True,logistic_regression,224,512,760,480,3,0.3597811460494995,0.7077713211377462,0.9087172746658325,0.8181391656398773,0.17271860956453153,0.548936128616333
7,<repo>\data\raw\ishu_ai_vs_real_2026_seed7_test\Real-images\000079.jpeg,Real-images,0,dinov2_vits14,True,logistic_regression,224,512,301,167,1,4.706589152192464e-06,4.706589152192464e-06,4.706589152192464e-06,4.706589152192464e-06,0.0,0.0
7,<repo>\data\raw\ishu_ai_vs_real_2026_seed7_test\Real-images\000080.jpg,Real-images,0,dinov2_vits14,True,logistic_regression,224,512,310,163,1,0.8281447887420654,0.8281447887420654,0.8281447887420654,0.8281447887420654,0.0,0.0
7,<repo>\data\raw\ishu_ai_vs_real_2026_seed7_test\Real-images\000081.jpg,Real-images,0,dinov2_vits14,True,logistic_regression,224,512,1080,1080,9,0.022917762398719788,0.23185612527191146,0.7111649513244629,0.6948624849319458,0.3188013185150267,0.6882471889257431
7,<repo>\data\raw\ishu_ai_vs_real_2026_seed7_test\Real-images\000082.jpg,Real-images,0,dinov2_vits14,True,logistic_regression,224,512,1080,1080,9,7.748868711132673e-07,0.0747042192395371,0.47081589698791504,0.316808320581913,0.14875896743307426,0.4708151221010439
7,<repo>\data\raw\ishu_ai_vs_real_2026_seed7_test\Real-images\000083.jpeg,Real-images,0,dinov2_vits14,True,logistic_regression,224,512,235,214,1,0.9997394680976868,0.9997394680976868,0.9997394680976868,0.9997394680976868,0.0,0.0
7,<repo>\data\raw\ishu_ai_vs_real_2026_seed7_test\Real-images\000084.jpg,Real-images,0,dinov2_vits14,True,logistic_regression,224,512,2304,4096,9,0.06720227748155594,0.22059366640638067,0.995361864566803,0.9921527206897736,0.4124184679908388,0.928159587085247
7,<repo>\data\raw\ishu_ai_vs_real_2026_seed7_test\Real-images\000085.jpg,Real-images,0,dinov2_vits14,True,logistic_regression,224,512,1080,1080,9,2.4831189193719183e-07,0.020317489816919315,0.14600467681884766,0.08574443310499191,0.04508956127967491,0.14600442850695572
7,<repo>\data\raw\ishu_ai_vs_real_2026_seed7_test\Real-images\000086.jpeg,Real-images,0,dinov2_vits14,True,logistic_regression,224,512,259,194,1,0.9658156037330627,0.9658156037330627,0.9658156037330627,0.9658156037330627,0.0,0.0
7,<repo>\data\raw\ishu_ai_vs_real_2026_seed7_test\Real-images\000087.jpg,Real-images,0,dinov2_vits14,True,logistic_regression,224,512,1080,1080,9,0.8585177659988403,0.19680803132683244,0.8672307729721069,0.7125199735164642,0.297147479105976,0.008713006973266602
7,<repo>\data\raw\ishu_ai_vs_real_2026_seed7_test\Real-images\000088.jpg,Real-images,0,dinov2_vits14,True,logistic_regression,224,512,433,650,3,0.7194229960441589,0.29912877020736534,0.7825031876564026,0.43507061898708344,0.3426854228210905,0.06308019161224365
7,<repo>\data\raw\ishu_ai_vs_real_2026_seed7_test\Real-images\000089.jpg,Real-images,0,dinov2_vits14,True,logistic_regression,224,512,275,183,1,0.0002563708694651723,0.0002563708694651723,0.0002563708694651723,0.0002563708694651723,0.0,0.0
7,<repo>\data\raw\ishu_ai_vs_real_2026_seed7_test\Real-images\000090.jpg,Real-images,0,dinov2_vits14,True,logistic_regression,224,512,433,650,3,0.9999833106994629,0.9999674956003824,0.9999983310699463,0.9999833106994629,2.5507693038604384e-05,1.5020370483398438e-05
7,<repo>\data\raw\ishu_ai_vs_real_2026_seed7_test\Real-images\000091.jpg,Real-images,0,dinov2_vits14,True,logistic_regression,224,512,800,590,9,0.00041814325959421694,0.055499571032770395,0.2625879943370819,0.19680480659008026,0.08305884290911074,0.2621698510774877
7,<repo>\data\raw\ishu_ai_vs_real_2026_seed7_test\Real-images\000092.jpeg,Real-images,0,dinov2_vits14,True,logistic_regression,224,512,194,259,1,0.03571347892284393,0.03571347892284393,0.03571347892284393,0.03571347892284393,0.0,0.0
7,<repo>\data\raw\ishu_ai_vs_real_2026_seed7_test\Real-images\000093.jpeg,Real-images,0,dinov2_vits14,True,logistic_regression,224,512,299,168,1,0.004265890456736088,0.004265890456736088,0.004265890456736088,0.004265890456736088,0.0,0.0
7,<repo>\data\raw\ishu_ai_vs_real_2026_seed7_test\Real-images\000094.jpg,Real-images,0,dinov2_vits14,True,logistic_regression,224,512,281,180,1,0.9087772369384766,0.9087772369384766,0.9087772369384766,0.9087772369384766,0.0,0.0
7,<repo>\data\raw\ishu_ai_vs_real_2026_seed7_test\Real-images\000095.jpg,Real-images,0,dinov2_vits14,True,logistic_regression,224,512,275,183,1,0.9746947288513184,0.9746947288513184,0.9746947288513184,0.9746947288513184,0.0,0.0
7,<repo>\data\raw\ishu_ai_vs_real_2026_seed7_test\Real-images\000096.jpeg,Real-images,0,dinov2_vits14,True,logistic_regression,224,512,275,183,1,0.9994514584541321,0.9994514584541321,0.9994514584541321,0.9994514584541321,0.0,0.0
7,<repo>\data\raw\ishu_ai_vs_real_2026_seed7_test\Real-images\000097.jpg,Real-images,0,dinov2_vits14,True,logistic_regression,224,512,1080,1080,9,0.9585555195808411,0.5546501425819265,0.99983811378479,0.9996240735054016,0.40317049177114356,0.041282594203948975
7,<repo>\data\raw\ishu_ai_vs_real_2026_seed7_test\Real-images\000098.jpg,Real-images,0,dinov2_vits14,True,logistic_regression,224,512,1080,1110,9,0.960230827331543,0.4591956694170626,0.9263262748718262,0.8893325626850128,0.3482269924557177,-0.0339045524597168
7,<repo>\data\raw\ishu_ai_vs_real_2026_seed7_test\Real-images\000099.jpg,Real-images,0,dinov2_vits14,True,logistic_regression,224,512,1080,1035,9,0.0012912589590996504,0.4245843234344243,0.9768597483634949,0.9745741486549377,0.4450242638337682,0.9755684894043952
7,<repo>\data\raw\ishu_ai_vs_real_2026_seed7_test\Real-images\000100.jpeg,Real-images,0,dinov2_vits14,True,logistic_regression,224,512,255,198,1,0.9999395608901978,0.9999395608901978,0.9999395608901978,0.9999395608901978,0.0,0.0
7,<repo>\data\raw\ishu_ai_vs_real_2026_seed7_test\Real-images\000101.jpg,Real-images,0,dinov2_vits14,True,logistic_regression,224,512,433,650,3,2.609202283565537e-06,1.4776340508800464e-05,4.426316809258424e-05,2.216230659612961e-05,2.0850348742327217e-05,4.16539658090187e-05
7,<repo>\data\raw\ishu_ai_vs_real_2026_seed7_test\Real-images\000102.jpeg,Real-images,0,dinov2_vits14,True,logistic_regression,224,512,225,225,1,0.20562346279621124,0.20562346279621124,0.20562346279621124,0.20562346279621124,0.0,0.0
7,<repo>\data\raw\ishu_ai_vs_real_2026_seed7_test\Real-images\000103.jpg,Real-images,0,dinov2_vits14,True,logistic_regression,224,512,434,650,3,0.9999995231628418,0.9998233119646708,0.9999996423721313,0.9999985694885254,0.00024785311521428866,1.1920928955078125e-07
7,<repo>\data\raw\ishu_ai_vs_real_2026_seed7_test\Real-images\000104.jpg,Real-images,0,dinov2_vits14,True,logistic_regression,224,512,433,650,3,1.0,0.9999997615814209,1.0,0.9999999403953552,2.5752149814001166e-07,0.0
7,<repo>\data\raw\ishu_ai_vs_real_2026_seed7_test\Real-images\000105.jpeg,Real-images,0,dinov2_vits14,True,logistic_regression,224,512,225,225,1,0.2662440836429596,0.2662440836429596,0.2662440836429596,0.2662440836429596,0.0,0.0
7,<repo>\data\raw\ishu_ai_vs_real_2026_seed7_test\Real-images\000106.jpg,Real-images,0,dinov2_vits14,True,logistic_regression,224,512,1200,675,9,0.06991006433963776,0.06789548462256789,0.2218788117170334,0.15846892818808556,0.06423640758499474,0.15196874737739563
7,<repo>\data\raw\ishu_ai_vs_real_2026_seed7_test\Real-images\000107.jpeg,Real-images,0,dinov2_vits14,True,logistic_regression,224,512,252,200,1,0.0019004615023732185,0.0019004615023732185,0.0019004615023732185,0.0019004615023732185,0.0,0.0
7,<repo>\data\raw\ishu_ai_vs_real_2026_seed7_test\Real-images\000108.jpeg,Real-images,0,dinov2_vits14,True,logistic_regression,224,512,225,225,1,0.025993479415774345,0.025993479415774345,0.025993479415774345,0.025993479415774345,0.0,0.0
7,<repo>\data\raw\ishu_ai_vs_real_2026_seed7_test\Real-images\000109.jpg,Real-images,0,dinov2_vits14,True,logistic_regression,224,512,305,165,1,0.9640636444091797,0.9640636444091797,0.9640636444091797,0.9640636444091797,0.0,0.0
7,<repo>\data\raw\ishu_ai_vs_real_2026_seed7_test\Real-images\000110.jpg,Real-images,0,dinov2_vits14,True,logistic_regression,224,512,276,183,1,0.3169887363910675,0.3169887363910675,0.3169887363910675,0.3169887363910675,0.0,0.0
7,<repo>\data\raw\ishu_ai_vs_real_2026_seed7_test\Real-images\000111.jpg,Real-images,0,dinov2_vits14,True,logistic_regression,224,512,1080,1080,9,0.6396776437759399,0.4942536347144697,0.9998979568481445,0.9974172711372375,0.3693538997486383,0.3602203130722046
7,<repo>\data\raw\ishu_ai_vs_real_2026_seed7_test\Real-images\000112.jpg,Real-images,0,dinov2_vits14,True,logistic_regression,224,512,2899,3866,9,0.9999868869781494,0.7915765885004981,0.9999998807907104,0.9999951124191284,0.36223854133579114,1.2993812561035156e-05
7,<repo>\data\raw\ishu_ai_vs_real_2026_seed7_test\Real-images\000113.jpeg,Real-images,0,dinov2_vits14,True,logistic_regression,224,512,259,194,1,0.9999926090240479,0.9999926090240479,0.9999926090240479,0.9999926090240479,0.0,0.0
17,<repo>\data\raw\ishu_ai_vs_real_2026_seed17_test\AI-images\000000.png,AI-images,1,dinov2_vits14,True,logistic_regression,224,512,1024,1024,9,0.9530697464942932,0.7284809293018447,0.996180534362793,0.9905548393726349,0.3229162727030018,0.043110787868499756
17,<repo>\data\raw\ishu_ai_vs_real_2026_seed17_test\AI-images\000001.png,AI-images,1,dinov2_vits14,True,logistic_regression,224,512,905,752,9,0.8900984525680542,0.9826526708073087,0.9939941763877869,0.9934128820896149,0.010702293445492768,0.10389572381973267
17,<repo>\data\raw\ishu_ai_vs_real_2026_seed17_test\AI-images\000002.jpeg,AI-images,1,dinov2_vits14,True,logistic_regression,224,512,1024,559,9,0.9999986886978149,0.9999989006254408,0.9999996423721313,0.9999995827674866,5.470878926399916e-07,9.5367431640625e-07
17,<repo>\data\raw\ishu_ai_vs_real_2026_seed17_test\AI-images\000003.png,AI-images,1,dinov2_vits14,True,logistic_regression,224,512,768,768,9,0.9997692704200745,0.9999693897035387,0.999996542930603,0.9999958276748657,3.3513799060021996e-05,0.00022727251052856445
17,<repo>\data\raw\ishu_ai_vs_real_2026_seed17_test\AI-images\000004.png,AI-images,1,dinov2_vits14,True,logistic_regression,224,512,2816,1536,9,0.0009402367868460715,0.43628874345368884,0.9986074566841125,0.9959303140640259,0.4387730895792906,0.9976672198972665
17,<repo>\data\raw\ishu_ai_vs_real_2026_seed17_test\AI-images\000005.png,AI-images,1,dinov2_vits14,True,logistic_regression,224,512,2816,1536,9,0.9999997615814209,0.9999604158931308,1.0,1.0,9.19983417580441e-05,2.384185791015625e-07
17,<repo>\data\raw\ishu_ai_vs_real_2026_seed17_test\AI-images\000006.png,AI-images,1,dinov2_vits14,True,logistic_regression,224,512,768,768,9,0.9999997615814209,0.9999990595711602,0.9999998807907104,0.9999997615814209,7.29343620826732e-07,1.1920928955078125e-07
17,<repo>\data\raw\ishu_ai_vs_real_2026_seed17_test\AI-images\000007.png,AI-images,1,dinov2_vits14,True,logistic_regression,224,512,768,768,9,0.9992838501930237,0.7942463904619217,0.9999932050704956,0.999962568283081,0.3041648025399982,0.0007093548774719238
17,<repo>\data\raw\ishu_ai_vs_real_2026_seed17_test\AI-images\000008.png,AI-images,1,dinov2_vits14,True,logistic_regression,224,512,656,706,9,0.888188362121582,0.639020235174232,0.9987402558326721,0.998636394739151,0.33049171591329307,0.11055189371109009
17,<repo>\data\raw\ishu_ai_vs_real_2026_seed17_test\AI-images\000009.png,AI-images,1,dinov2_vits14,True,logistic_regression,224,512,1024,1024,9,0.9999392032623291,0.9346384008725485,0.9997739195823669,0.999658077955246,0.0899073696097096,-0.0001652836799621582
17,<repo>\data\raw\ishu_ai_vs_real_2026_seed17_test\AI-images\000010.png,AI-images,1,dinov2_vits14,True,logistic_regression,224,512,1024,1024,9,0.9999998807907104,0.999998927116394,0.9999998807907104,0.9999998211860657,1.593425882320676e-06,0.0
17,<repo>\data\raw\ishu_ai_vs_real_2026_seed17_test\AI-images\000011.png,AI-images,1,dinov2_vits14,True,logistic_regression,224,512,768,768,9,0.14514029026031494,0.09089664700958464,0.18857495486736298,0.17658072710037231,0.07050794469024353,0.043434664607048035
17,<repo>\data\raw\ishu_ai_vs_real_2026_seed17_test\AI-images\000012.png,AI-images,1,dinov2_vits14,True,logistic_regression,224,512,768,768,9,0.000164119090186432,0.0013565330574339088,0.008457562886178493,0.00506484683137387,0.0025519611117243517,0.008293443795992061
17,<repo>\data\raw\ishu_ai_vs_real_2026_seed17_test\AI-images\000013.jpeg,AI-images,1,dinov2_vits14,True,logistic_regression,224,512,1024,559,9,0.0029520122334361076,0.0024980080264261537,0.006636804435402155,0.005670025711879134,0.002271324118883193,0.0036847922019660473
17,<repo>\data\raw\ishu_ai_vs_real_2026_seed17_test\AI-images\000014.png,AI-images,1,dinov2_vits14,True,logistic_regression,224,512,768,768,9,0.780083954334259,0.9972961081398858,0.9990247488021851,0.9987428188323975,0.001437908853875873,0.21894079446792603
17,<repo>\data\raw\ishu_ai_vs_real_2026_seed17_test\AI-images\000015.png,AI-images,1,dinov2_vits14,True,logistic_regression,224,512,768,768,9,0.9999997615814209,0.9999996688630846,1.0,1.0,5.470878926399916e-07,2.384185791015625e-07
17,<repo>\data\raw\ishu_ai_vs_real_2026_seed17_test\AI-images\000016.png,AI-images,1,dinov2_vits14,True,logistic_regression,224,512,1024,1024,9,0.9999539852142334,0.9997490445772806,0.999996542930603,0.9999952912330627,0.0002581313487718545,4.2557716369628906e-05
17,<repo>\data\raw\ishu_ai_vs_real_2026_seed17_test\AI-images\000017.png,AI-images,1,dinov2_vits14,True,logistic_regression,224,512,768,768,9,0.7107898592948914,0.9117207129796346,0.9994865655899048,0.9985441863536835,0.12297751777369412,0.2886967062950134
17,<repo>\data\raw\ishu_ai_vs_real_2026_seed17_test\AI-images\000018.png,AI-images,1,dinov2_vits14,True,logistic_regression,224,512,2816,1536,9,0.9997983574867249,0.8977579880091879,1.0,1.0,0.2741275099603011,0.00020164251327514648
17,<repo>\data\raw\ishu_ai_vs_real_2026_seed17_test\AI-images\000019.png,AI-images,1,dinov2_vits14,True,logistic_regression,224,512,649,716,9,0.9998472929000854,0.9991517265637716,0.9998053908348083,0.9997900128364563,0.0005769963704151576,-4.190206527709961e-05
17,<repo>\data\raw\ishu_ai_vs_real_2026_seed17_test\AI-images\000020.png,AI-images,1,dinov2_vits14,True,logistic_regression,224,512,768,768,9,0.9975685477256775,0.9939214653438992,0.9999945163726807,0.999983549118042,0.010819128327450989,0.002425968647003174
17,<repo>\data\raw\ishu_ai_vs_real_2026_seed17_test\AI-images\000021.png,AI-images,1,dinov2_vits14,True,logistic_regression,224,512,908,755,9,0.9999998807907104,0.9999967813491821,0.9999996423721313,0.999999463558197,2.8427520787747575e-06,-2.384185791015625e-07
17,<repo>\data\raw\ishu_ai_vs_real_2026_seed17_test\AI-images\000022.png,AI-images,1,dinov2_vits14,True,logistic_regression,224,512,1024,1024,9,0.999866247177124,0.9717948569191827,0.9997711777687073,0.9994616806507111,0.046379899454476035,-9.506940841674805e-05
17,<repo>\data\raw\ishu_ai_vs_real_2026_seed17_test\AI-images\000023.png,AI-images,1,dinov2_vits14,True,logistic_regression,224,512,1024,1024,9,0.9999656677246094,0.9983250697453817,0.9999575614929199,0.9999545812606812,0.002304450496134379,-8.106231689453125e-06
17,<repo>\data\raw\ishu_ai_vs_real_2026_seed17_test\AI-images\000024.png,AI-images,1,dinov2_vits14,True,logistic_regression,224,512,1402,1122,9,0.9999617338180542,0.8184475104014078,0.9997573494911194,0.9994870126247406,0.32168591226650567,-0.00020438432693481445
17,<repo>\data\raw\ishu_ai_vs_real_2026_seed17_test\AI-images\000025.png,AI-images,1,dinov2_vits14,True,logistic_regression,224,512,1024,1024,9,1.0,0.9999989800983005,1.0,0.9999999403953552,1.304797104308314e-06,0.0
17,<repo>\data\raw\ishu_ai_vs_real_2026_seed17_test\AI-images\000026.png,AI-images,1,dinov2_vits14,True,logistic_regression,224,512,768,768,9,0.999994158744812,0.9897160397635566,0.9999589920043945,0.9998727142810822,0.018999723120967534,-3.516674041748047e-05
17,<repo>\data\raw\ishu_ai_vs_real_2026_seed17_test\AI-images\000027.png,AI-images,1,dinov2_vits14,True,logistic_regression,224,512,768,768,9,0.985443115234375,0.8382051322195265,0.9787605404853821,0.9720218479633331,0.12353643869589666,-0.00668257474899292
17,<repo>\data\raw\ishu_ai_vs_real_2026_seed17_test\AI-images\000028.png,AI-images,1,dinov2_vits14,True,logistic_regression,224,512,1402,1122,9,0.9999271631240845,0.9997027383910285,0.9999966621398926,0.9999927878379822,0.00032459491662787244,6.949901580810547e-05
17,<repo>\data\raw\ishu_ai_vs_real_2026_seed17_test\AI-images\000029.png,AI-images,1,dinov2_vits14,True,logistic_regression,224,512,768,768,9,0.9996286630630493,0.9996217952834235,0.9999902248382568,0.9999881982803345,0.0005161026730652773,0.00036156177520751953
17,<repo>\data\raw\ishu_ai_vs_real_2026_seed17_test\AI-images\000030.png,AI-images,1,dinov2_vits14,True,logistic_regression,224,512,1402,1122,9,0.9999833106994629,0.9735941820674472,0.9999992847442627,0.9999977350234985,0.07070579410083051,1.5974044799804688e-05
17,<repo>\data\raw\ishu_ai_vs_real_2026_seed17_test\AI-images\000031.png,AI-images,1,dinov2_vits14,True,logistic_regression,224,512,1122,1402,9,0.042093679308891296,0.6947140850954585,0.9964315891265869,0.9953334629535675,0.3670328428494706,0.9543379098176956
17,<repo>\data\raw\ishu_ai_vs_real_2026_seed17_test\AI-images\000032.png,AI-images,1,dinov2_vits14,True,logistic_regression,224,512,768,768,9,0.991510808467865,0.9768272770775689,0.9968549013137817,0.9922941327095032,0.013308295920825752,0.005344092845916748
17,<repo>\data\raw\ishu_ai_vs_real_2026_seed17_test\AI-images\000033.png,AI-images,1,dinov2_vits14,True,logistic_regression,224,512,1402,1122,9,0.9670757055282593,0.5748640523088397,0.9999508857727051,0.9998653829097748,0.4733481946171608,0.0328751802444458
17,<repo>\data\raw\ishu_ai_vs_real_2026_seed17_test\AI-images\000034.png,AI-images,1,dinov2_vits14,True,logistic_regression,224,512,695,755,9,0.042632102966308594,0.35725767144726384,0.994113028049469,0.9434339702129364,0.372145322260698,0.9514809250831604
17,<repo>\data\raw\ishu_ai_vs_real_2026_seed17_test\AI-images\000035.png,AI-images,1,dinov2_vits14,True,logistic_regression,224,512,1024,1024,9,0.9999767541885376,0.999932262632582,0.9999998807907104,0.9999998211860657,0.00011729137068299677,2.3126602172851562e-05
17,<repo>\data\raw\ishu_ai_vs_real_2026_seed17_test\AI-images\000036.jpeg,AI-images,1,dinov2_vits14,True,logistic_regression,224,512,1024,559,9,0.07453151792287827,0.42203436515087056,0.9919495582580566,0.9691133499145508,0.3884294732556687,0.9174180403351784
17,<repo>\data\raw\ishu_ai_vs_real_2026_seed17_test\AI-images\000037.png,AI-images,1,dinov2_vits14,True,logistic_regression,224,512,1024,1024,9,0.9999992847442627,0.9999648266368442,1.0,1.0,7.740458892752265e-05,7.152557373046875e-07
17,<repo>\data\raw\ishu_ai_vs_real_2026_seed17_test\AI-images\000038.png,AI-images,1,dinov2_vits14,True,logistic_regression,224,512,768,768,9,0.9581157565116882,0.6735884445822902,0.9999784231185913,0.9999427199363708,0.4553225156123603,0.041862666606903076
17,<repo>\data\raw\ishu_ai_vs_real_2026_seed17_test\AI-images\000039.png,AI-images,1,dinov2_vits14,True,logistic_regression,224,512,1024,1024,9,0.999832272529602,0.9874540170033773,0.9999969005584717,0.9999435544013977,0.013923162454329237,0.0001646280288696289
17,<repo>\data\raw\ishu_ai_vs_real_2026_seed17_test\AI-images\000040.png,AI-images,1,dinov2_vits14,True,logistic_regression,224,512,1024,1024,9,0.9988652467727661,0.9975873231887817,0.9999982118606567,0.9999973773956299,0.00455970157373102,0.001132965087890625
17,<repo>\data\raw\ishu_ai_vs_real_2026_seed17_test\AI-images\000041.png,AI-images,1,dinov2_vits14,True,logistic_regression,224,512,768,768,9,0.9999960660934448,0.9988174372249179,0.9999264478683472,0.9999203681945801,0.0008325044833626502,-6.961822509765625e-05
17,<repo>\data\raw\ishu_ai_vs_real_2026_seed17_test\AI-images\000042.jpeg,AI-images,1,dinov2_vits14,True,logistic_regression,224,512,1024,559,9,0.0006062996108084917,0.3182405462850713,0.7045356631278992,0.6212887763977051,0.2453761003373558,0.7039293635170907
17,<repo>\data\raw\ishu_ai_vs_real_2026_seed17_test\AI-images\000043.png,AI-images,1,dinov2_vits14,True,logistic_regression,224,512,696,740,9,0.9999998807907104,1.0,1.0,1.0,0.0,1.1920928955078125e-07
17,<repo>\data\raw\ishu_ai_vs_real_2026_seed17_test\AI-images\000044.png,AI-images,1,dinov2_vits14,True,logistic_regression,224,512,761,750,9,0.3453451693058014,0.7938514749209086,0.9997614026069641,0.9982811510562897,0.2502933657005343,0.6544162333011627
17,<repo>\data\raw\ishu_ai_vs_real_2026_seed17_test\AI-images\000045.png,AI-images,1,dinov2_vits14,True,logistic_regression,224,512,1402,1122,9,0.9984723925590515,0.9460701015260484,0.9998338222503662,0.9997307062149048,0.13280376212920036,0.0013614296913146973
17,<repo>\data\raw\ishu_ai_vs_real_2026_seed17_test\AI-images\000046.png,AI-images,1,dinov2_vits14,True,logistic_regression,224,512,768,768,9,0.9997166991233826,0.9991545544730293,0.9999994039535522,0.9999967217445374,0.0010295216109433188,0.00028270483016967773
17,<repo>\data\raw\ishu_ai_vs_real_2026_seed17_test\AI-images\000047.png,AI-images,1,dinov2_vits14,True,logistic_regression,224,512,1024,1024,9,0.9999985694885254,0.9992420673370361,0.9999339580535889,0.999907374382019,0.0008169309792153827,-6.461143493652344e-05
17,<repo>\data\raw\ishu_ai_vs_real_2026_seed17_test\AI-images\000048.png,AI-images,1,dinov2_vits14,True,logistic_regression,224,512,768,768,9,0.6167758703231812,0.772140266166793,0.999859094619751,0.9996926188468933,0.32537264404286237,0.3830832242965698
17,<repo>\data\raw\ishu_ai_vs_real_2026_seed17_test\AI-images\000049.png,AI-images,1,dinov2_vits14,True,logistic_regression,224,512,1024,1024,9,1.0,0.9995790653758578,0.9999977350234985,0.9999905228614807,0.0008117427544219782,-2.2649765014648438e-06
17,<repo>\data\raw\ishu_ai_vs_real_2026_seed17_test\AI-images\000050.png,AI-images,1,dinov2_vits14,True,logistic_regression,224,512,768,768,9,0.9999998807907104,0.9999868737326728,1.0,0.9999999403953552,1.694668538282873e-05,1.1920928955078125e-07
17,<repo>\data\raw\ishu_ai_vs_real_2026_seed17_test\AI-images\000051.jpeg,AI-images,1,dinov2_vits14,True,logistic_regression,224,512,1024,559,9,0.9999794960021973,0.9999940130445693,0.9999996423721313,0.9999996423721313,7.235037737619064e-06,2.014636993408203e-05
17,<repo>\data\raw\ishu_ai_vs_real_2026_seed17_test\AI-images\000052.png,AI-images,1,dinov2_vits14,True,logistic_regression,224,512,768,768,9,0.7206246256828308,0.7620921499199338,0.9958739876747131,0.9930064380168915,0.2560689783935182,0.2752493619918823
17,<repo>\data\raw\ishu_ai_vs_real_2026_seed17_test\AI-images\000053.png,AI-images,1,dinov2_vits14,True,logistic_regression,224,512,1024,1024,9,0.9750781655311584,0.8018050160672929,0.9943602681159973,0.9936280846595764,0.25753159302417256,0.019282102584838867
17,<repo>\data\raw\ishu_ai_vs_real_2026_seed17_test\AI-images\000054.png,AI-images,1,dinov2_vits14,True,logistic_regression,224,512,2816,1536,9,0.04948526620864868,0.4174644811476658,0.9999796152114868,0.9999645352363586,0.43712008544403735,0.9504943490028381
17,<repo>\data\raw\ishu_ai_vs_real_2026_seed17_test\AI-images\000055.png,AI-images,1,dinov2_vits14,True,logistic_regression,224,512,768,768,9,1.0,0.9999992317623563,0.9999998807907104,0.9999998211860657,7.829410079390024e-07,-1.1920928955078125e-07
17,<repo>\data\raw\ishu_ai_vs_real_2026_seed17_test\Real-images\000056.jpg,Real-images,0,dinov2_vits14,True,logistic_regression,224,512,310,163,1,0.9319161772727966,0.9319161772727966,0.9319161772727966,0.9319161772727966,0.0,0.0
17,<repo>\data\raw\ishu_ai_vs_real_2026_seed17_test\Real-images\000057.jpeg,Real-images,0,dinov2_vits14,True,logistic_regression,224,512,213,237,1,0.005186363589018583,0.005186363589018583,0.005186363589018583,0.005186363589018583,0.0,0.0
17,<repo>\data\raw\ishu_ai_vs_real_2026_seed17_test\Real-images\000058.jpeg,Real-images,0,dinov2_vits14,True,logistic_regression,224,512,225,225,1,0.9289377331733704,0.9289377331733704,0.9289377331733704,0.9289377331733704,0.0,0.0
17,<repo>\data\raw\ishu_ai_vs_real_2026_seed17_test\Real-images\000059.jpeg,Real-images,0,dinov2_vits14,True,logistic_regression,224,512,261,193,1,0.0006195557652972639,0.0006195557652972639,0.0006195557652972639,0.0006195557652972639,0.0,0.0
17,<repo>\data\raw\ishu_ai_vs_real_2026_seed17_test\Real-images\000060.jpeg,Real-images,0,dinov2_vits14,True,logistic_regression,224,512,225,225,1,7.282891601789743e-05,7.282891601789743e-05,7.282891601789743e-05,7.282891601789743e-05,0.0,0.0
17,<repo>\data\raw\ishu_ai_vs_real_2026_seed17_test\Real-images\000061.jpg,Real-images,0,dinov2_vits14,True,logistic_regression,224,512,433,650,3,0.9873372912406921,0.9639689127604166,0.9995393753051758,0.9973682463169098,0.0472670445246111,0.012202084064483643
17,<repo>\data\raw\ishu_ai_vs_real_2026_seed17_test\Real-images\000062.jpg,Real-images,0,dinov2_vits14,True,logistic_regression,224,512,433,650,3,0.999234676361084,0.9194115598996481,0.9973179697990417,0.9580029845237732,0.06331699208876548,-0.0019167065620422363
17,<repo>\data\raw\ishu_ai_vs_real_2026_seed17_test\Real-images\000063.jpeg,Real-images,0,dinov2_vits14,True,logistic_regression,224,512,201,251,1,0.9616098403930664,0.9616098403930664,0.9616098403930664,0.9616098403930664,0.0,0.0
17,<repo>\data\raw\ishu_ai_vs_real_2026_seed17_test\Real-images\000064.jpg,Real-images,0,dinov2_vits14,True,logistic_regression,224,512,1080,1080,9,0.16314831376075745,0.40742944988111657,0.9941067695617676,0.9227302670478821,0.3454267639618327,0.8309584558010101
17,<repo>\data\raw\ishu_ai_vs_real_2026_seed17_test\Real-images\000065.jpg,Real-images,0,dinov2_vits14,True,logistic_regression,224,512,5568,3712,9,0.8769501447677612,0.2892590039001814,0.9477279186248779,0.9053537547588348,0.3853231870522071,0.0707777738571167
17,<repo>\data\raw\ishu_ai_vs_real_2026_seed17_test\Real-images\000066.jpg,Real-images,0,dinov2_vits14,True,logistic_regression,224,512,1080,1080,9,0.999969482421875,0.9946305553118387,0.9999982118606567,0.9999980330467224,0.011906448736774353,2.872943878173828e-05
17,<repo>\data\raw\ishu_ai_vs_real_2026_seed17_test\Real-images\000067.jpg,Real-images,0,dinov2_vits14,True,logistic_regression,224,512,300,168,1,0.3061933219432831,0.3061933219432831,0.3061933219432831,0.3061933219432831,0.0,0.0
17,<repo>\data\raw\ishu_ai_vs_real_2026_seed17_test\Real-images\000068.jpg,Real-images,0,dinov2_vits14,True,logistic_regression,224,512,3456,2304,9,0.9975958466529846,0.5191027993666163,0.9998502731323242,0.9997698068618774,0.46705301126522525,0.0022544264793395996
17,<repo>\data\raw\ishu_ai_vs_real_2026_seed17_test\Real-images\000069.jpg,Real-images,0,dinov2_vits14,True,logistic_regression,224,512,3024,4032,9,6.77192147122696e-05,0.41732558988668544,0.9982591271400452,0.9846603572368622,0.4284542384974049,0.9981914079253329
17,<repo>\data\raw\ishu_ai_vs_real_2026_seed17_test\Real-images\000070.jpg,Real-images,0,dinov2_vits14,True,logistic_regression,224,512,1080,1080,9,0.9999998807907104,0.9999146858851115,0.9999996423721313,0.9999995231628418,0.00018589350838686452,-2.384185791015625e-07
17,<repo>\data\raw\ishu_ai_vs_real_2026_seed17_test\Real-images\000071.jpg,Real-images,0,dinov2_vits14,True,logistic_regression,224,512,433,650,3,0.905306875705719,0.9741793672243754,0.9820082187652588,0.9807043373584747,0.009288911399283974,0.0767013430595398
17,<repo>\data\raw\ishu_ai_vs_real_2026_seed17_test\Real-images\000072.jpg,Real-images,0,dinov2_vits14,True,logistic_regression,224,512,536,360,3,0.14519567787647247,0.6582862883806229,0.9601773023605347,0.8704984784126282,0.3089167441876203,0.8149816244840622
17,<repo>\data\raw\ishu_ai_vs_real_2026_seed17_test\Real-images\000073.jpg,Real-images,0,dinov2_vits14,True,logistic_regression,224,512,607,1000,9,0.9773613214492798,0.9971955352359347,0.9999845027923584,0.9999808669090271,0.00503453377303203,0.022623181343078613
17,<repo>\data\raw\ishu_ai_vs_real_2026_seed17_test\Real-images\000074.jpg,Real-images,0,dinov2_vits14,True,logistic_regression,224,512,3968,2976,9,1.1932860616070684e-05,0.05181038088949186,0.4626728296279907,0.23251795826945454,0.14526388469934462,0.46266089676737465
17,<repo>\data\raw\ishu_ai_vs_real_2026_seed17_test\Real-images\000075.jpeg,Real-images,0,dinov2_vits14,True,logistic_regression,224,512,201,251,1,0.9999892711639404,0.9999892711639404,0.9999892711639404,0.9999892711639404,0.0,0.0
17,<repo>\data\raw\ishu_ai_vs_real_2026_seed17_test\Real-images\000076.jpg,Real-images,0,dinov2_vits14,True,logistic_regression,224,512,1080,1080,9,0.0036826953291893005,0.048526316405690925,0.20173217356204987,0.15821877494454384,0.06548080020773776,0.19804947823286057
17,<repo>\data\raw\ishu_ai_vs_real_2026_seed17_test\Real-images\000077.jpg,Real-images,0,dinov2_vits14,True,logistic_regression,224,512,1080,1130,9,0.9972034692764282,0.9896286858452691,0.9999918937683105,0.9999617338180542,0.026326394321631228,0.0027884244918823242
17,<repo>\data\raw\ishu_ai_vs_real_2026_seed17_test\Real-images\000078.jpg,Real-images,0,dinov2_vits14,True,logistic_regression,224,512,6000,4000,9,0.6700595617294312,0.004148893019136013,0.030508406460285187,0.01818116824142635,0.009492693437430791,-0.639551155269146
17,<repo>\data\raw\ishu_ai_vs_real_2026_seed17_test\Real-images\000079.jpeg,Real-images,0,dinov2_vits14,True,logistic_regression,224,512,225,225,1,0.9941158294677734,0.9941158294677734,0.9941158294677734,0.9941158294677734,0.0,0.0
17,<repo>\data\raw\ishu_ai_vs_real_2026_seed17_test\Real-images\000080.jpg,Real-images,0,dinov2_vits14,True,logistic_regression,224,512,433,650,3,1.0,1.0,1.0,1.0,0.0,0.0
17,<repo>\data\raw\ishu_ai_vs_real_2026_seed17_test\Real-images\000081.jpg,Real-images,0,dinov2_vits14,True,logistic_regression,224,512,433,650,3,4.095061179043569e-09,6.91328842667797e-08,1.398662021756536e-07,1.0366171210307584e-07,5.7081724785089904e-08,1.3577114099661003e-07
17,<repo>\data\raw\ishu_ai_vs_real_2026_seed17_test\Real-images\000082.jpeg,Real-images,0,dinov2_vits14,True,logistic_regression,224,512,225,225,1,0.6385675668716431,0.6385675668716431,0.6385675668716431,0.6385675668716431,0.0,0.0
17,<repo>\data\raw\ishu_ai_vs_real_2026_seed17_test\Real-images\000083.jpg,Real-images,0,dinov2_vits14,True,logistic_regression,224,512,8192,5469,9,0.718890368938446,0.03453343277071378,0.31023380160331726,0.15527672827010974,0.09747485557330683,-0.4086565673351288
17,<repo>\data\raw\ishu_ai_vs_real_2026_seed17_test\Real-images\000084.jpg,Real-images,0,dinov2_vits14,True,logistic_regression,224,512,940,627,9,0.4617524743080139,0.8532080186737908,0.9958464503288269,0.992480605840683,0.23220453561509702,0.534093976020813
17,<repo>\data\raw\ishu_ai_vs_real_2026_seed17_test\Real-images\000085.jpg,Real-images,0,dinov2_vits14,True,logistic_regression,224,512,1080,1080,9,0.9981325268745422,0.909349282582601,0.9999510049819946,0.9998612105846405,0.16352126388028276,0.0018184781074523926
17,<repo>\data\raw\ishu_ai_vs_real_2026_seed17_test\Real-images\000086.jpeg,Real-images,0,dinov2_vits14,True,logistic_regression,224,512,275,183,1,0.758671224117279,0.758671224117279,0.758671224117279,0.758671224117279,0.0,0.0
17,<repo>\data\raw\ishu_ai_vs_real_2026_seed17_test\Real-images\000087.jpeg,Real-images,0,dinov2_vits14,True,logistic_regression,224,512,259,194,1,0.5709869265556335,0.5709869265556335,0.5709869265556335,0.5709869265556335,0.0,0.0
17,<repo>\data\raw\ishu_ai_vs_real_2026_seed17_test\Real-images\000088.jpeg,Real-images,0,dinov2_vits14,True,logistic_regression,224,512,225,225,1,0.9999997615814209,0.9999997615814209,0.9999997615814209,0.9999997615814209,0.0,0.0
17,<repo>\data\raw\ishu_ai_vs_real_2026_seed17_test\Real-images\000089.jpg,Real-images,0,dinov2_vits14,True,logistic_regression,224,512,433,650,3,0.9999990463256836,0.9998589158058167,0.9999973773956299,0.9999169707298279,0.00010512327528904358,-1.6689300537109375e-06
17,<repo>\data\raw\ishu_ai_vs_real_2026_seed17_test\Real-images\000090.jpg,Real-images,0,dinov2_vits14,True,logistic_regression,224,512,433,650,3,0.9998940229415894,0.835952619711558,0.9799908399581909,0.945568174123764,0.15754709186025304,-0.019903182983398438
17,<repo>\data\raw\ishu_ai_vs_real_2026_seed17_test\Real-images\000091.jpg,Real-images,0,dinov2_vits14,True,logistic_regression,224,512,300,168,1,0.0029382144566625357,0.0029382144566625357,0.0029382144566625357,0.0029382144566625357,0.0,0.0
17,<repo>\data\raw\ishu_ai_vs_real_2026_seed17_test\Real-images\000092.jpg,Real-images,0,dinov2_vits14,True,logistic_regression,224,512,259,194,1,0.0030848225578665733,0.0030848225578665733,0.0030848225578665733,0.0030848225578665733,0.0,0.0
17,<repo>\data\raw\ishu_ai_vs_real_2026_seed17_test\Real-images\000093.jpg,Real-images,0,dinov2_vits14,True,logistic_regression,224,512,275,183,1,0.9891813397407532,0.9891813397407532,0.9891813397407532,0.9891813397407532,0.0,0.0
17,<repo>\data\raw\ishu_ai_vs_real_2026_seed17_test\Real-images\000094.jpg,Real-images,0,dinov2_vits14,True,logistic_regression,224,512,1080,1062,9,0.0030995127744972706,0.1652946602777471,0.8479297757148743,0.6509445905685425,0.277708866316275,0.844830262940377
17,<repo>\data\raw\ishu_ai_vs_real_2026_seed17_test\Real-images\000095.jpg,Real-images,0,dinov2_vits14,True,logistic_regression,224,512,6000,4000,9,0.02419840358197689,0.2231673274650255,0.9918212890625,0.9765723347663879,0.40305486508441196,0.9676228854805231
17,<repo>\data\raw\ishu_ai_vs_real_2026_seed17_test\Real-images\000096.jpg,Real-images,0,dinov2_vits14,True,logistic_regression,224,512,480,319,1,0.0552259162068367,0.0552259162068367,0.0552259162068367,0.0552259162068367,0.0,0.0
17,<repo>\data\raw\ishu_ai_vs_real_2026_seed17_test\Real-images\000097.jpg,Real-images,0,dinov2_vits14,True,logistic_regression,224,512,4835,2655,9,0.06126875430345535,0.2012024986054551,0.9759042859077454,0.8884597718715668,0.36974445656168076,0.91463553160429
17,<repo>\data\raw\ishu_ai_vs_real_2026_seed17_test\Real-images\000098.jpeg,Real-images,0,dinov2_vits14,True,logistic_regression,224,512,225,225,1,0.14126791059970856,0.14126791059970856,0.14126791059970856,0.14126791059970856,0.0,0.0
17,<repo>\data\raw\ishu_ai_vs_real_2026_seed17_test\Real-images\000099.jpg,Real-images,0,dinov2_vits14,True,logistic_regression,224,512,433,650,3,0.9999998807907104,0.9999989668528239,0.9999996423721313,0.9999995827674866,8.72393385573234e-07,-2.384185791015625e-07
17,<repo>\data\raw\ishu_ai_vs_real_2026_seed17_test\Real-images\000100.jpg,Real-images,0,dinov2_vits14,True,logistic_regression,224,512,275,183,1,1.0912554898823146e-05,1.0912554898823146e-05,1.0912554898823146e-05,1.0912554898823146e-05,0.0,0.0
17,<repo>\data\raw\ishu_ai_vs_real_2026_seed17_test\Real-images\000101.jpg,Real-images,0,dinov2_vits14,True,logistic_regression,224,512,760,480,3,0.9995226860046387,0.9997978011767069,0.9999328851699829,0.9999244213104248,0.0001792012122481349,0.0004101991653442383
17,<repo>\data\raw\ishu_ai_vs_real_2026_seed17_test\Real-images\000102.jpg,Real-images,0,dinov2_vits14,True,logistic_regression,224,512,366,650,3,0.9997227787971497,0.9707817037900289,0.9999990463256836,0.9987293183803558,0.03953749016586251,0.00027626752853393555
17,<repo>\data\raw\ishu_ai_vs_real_2026_seed17_test\Real-images\000103.jpg,Real-images,0,dinov2_vits14,True,logistic_regression,224,512,612,408,3,0.9999700784683228,0.9999735752741495,0.9999996423721313,0.9999995827674866,3.6780181998238e-05,2.956390380859375e-05
17,<repo>\data\raw\ishu_ai_vs_real_2026_seed17_test\Real-images\000104.jpg,Real-images,0,dinov2_vits14,True,logistic_regression,224,512,300,214,1,0.09336227923631668,0.09336227923631668,0.09336227923631668,0.09336227923631668,0.0,0.0
17,<repo>\data\raw\ishu_ai_vs_real_2026_seed17_test\Real-images\000105.jpeg,Real-images,0,dinov2_vits14,True,logistic_regression,224,512,194,259,1,0.8401988744735718,0.8401988744735718,0.8401988744735718,0.8401988744735718,0.0,0.0
17,<repo>\data\raw\ishu_ai_vs_real_2026_seed17_test\Real-images\000106.jpeg,Real-images,0,dinov2_vits14,True,logistic_regression,224,512,275,183,1,0.9999997615814209,0.9999997615814209,0.9999997615814209,0.9999997615814209,0.0,0.0
17,<repo>\data\raw\ishu_ai_vs_real_2026_seed17_test\Real-images\000107.jpg,Real-images,0,dinov2_vits14,True,logistic_regression,224,512,512,373,1,2.9201110010035336e-05,2.9201110010035336e-05,2.9201110010035336e-05,2.9201110010035336e-05,0.0,0.0
17,<repo>\data\raw\ishu_ai_vs_real_2026_seed17_test\Real-images\000108.jpg,Real-images,0,dinov2_vits14,True,logistic_regression,224,512,433,650,3,0.9999992847442627,0.9999993642171224,1.0,0.9999999403953552,8.162911170392886e-07,7.152557373046875e-07
17,<repo>\data\raw\ishu_ai_vs_real_2026_seed17_test\Real-images\000109.jpg,Real-images,0,dinov2_vits14,True,logistic_regression,224,512,1200,675,9,0.7562587261199951,0.8726205130418142,0.9991387128829956,0.997847318649292,0.17141353764137593,0.2428799867630005
17,<repo>\data\raw\ishu_ai_vs_real_2026_seed17_test\Real-images\000110.jpg,Real-images,0,dinov2_vits14,True,logistic_regression,224,512,1080,1080,9,0.9999134540557861,0.9712192085054185,0.9999827146530151,0.999982476234436,0.0396559867707565,6.92605972290039e-05
17,<repo>\data\raw\ishu_ai_vs_real_2026_seed17_test\Real-images\000111.jpg,Real-images,0,dinov2_vits14,True,logistic_regression,224,512,1080,1080,9,0.9999988079071045,0.9918162226676941,1.0,0.9999940395355225,0.021463893529673372,1.1920928955078125e-06
17,<repo>\data\raw\ishu_ai_vs_real_2026_seed17_test\Real-images\000112.jpg,Real-images,0,dinov2_vits14,True,logistic_regression,224,512,1080,1032,9,0.991828978061676,0.5377571711109744,0.9998679161071777,0.9970483183860779,0.4066645627253063,0.008038938045501709
17,<repo>\data\raw\ishu_ai_vs_real_2026_seed17_test\Real-images\000113.jpg,Real-images,0,dinov2_vits14,True,logistic_regression,224,512,275,183,1,0.9464089274406433,0.9464089274406433,0.9464089274406433,0.9464089274406433,0.0,0.0
29,<repo>\data\raw\ishu_ai_vs_real_2026_seed29_test\AI-images\000000.png,AI-images,1,dinov2_vits14,True,logistic_regression,224,512,654,752,9,0.6855147480964661,0.9874746600786845,0.9990251064300537,0.9988932013511658,0.015519720906948647,0.31351035833358765
29,<repo>\data\raw\ishu_ai_vs_real_2026_seed29_test\AI-images\000001.png,AI-images,1,dinov2_vits14,True,logistic_regression,224,512,768,768,9,0.9969499707221985,0.996917618645562,0.9999520778656006,0.999947190284729,0.00389059190037912,0.0030021071434020996
29,<repo>\data\raw\ishu_ai_vs_real_2026_seed29_test\AI-images\000002.png,AI-images,1,dinov2_vits14,True,logistic_regression,224,512,1024,1024,9,1.0,0.9999991655349731,1.0,1.0,9.078709013299833e-07,0.0
29,<repo>\data\raw\ishu_ai_vs_real_2026_seed29_test\AI-images\000003.png,AI-images,1,dinov2_vits14,True,logistic_regression,224,512,1024,1024,9,1.0,0.9970692992210388,0.9999998807907104,0.9999997019767761,0.004271319528306741,-1.1920928955078125e-07
29,<repo>\data\raw\ishu_ai_vs_real_2026_seed29_test\AI-images\000004.png,AI-images,1,dinov2_vits14,True,logistic_regression,224,512,2816,1536,9,0.9990612864494324,0.893948409292433,1.0,1.0,0.21413177864297547,0.000938713550567627
29,<repo>\data\raw\ishu_ai_vs_real_2026_seed29_test\AI-images\000005.png,AI-images,1,dinov2_vits14,True,logistic_regression,224,512,1408,768,9,0.24330097436904907,0.6586326145463519,0.9999997615814209,0.9999997615814209,0.3282548975435896,0.7566987872123718
29,<repo>\data\raw\ishu_ai_vs_real_2026_seed29_test\AI-images\000006.png,AI-images,1,dinov2_vits14,True,logistic_regression,224,512,1024,1024,9,0.8920301795005798,0.7389757318629159,0.999994158744812,0.9993397891521454,0.30955368714969494,0.10796397924423218
29,<repo>\data\raw\ishu_ai_vs_real_2026_seed29_test\AI-images\000007.png,AI-images,1,dinov2_vits14,True,logistic_regression,224,512,600,503,3,0.9669787287712097,0.9857179522514343,0.991643488407135,0.988229364156723,0.004514998240776964,0.024664759635925293
29,<repo>\data\raw\ishu_ai_vs_real_2026_seed29_test\AI-images\000008.png,AI-images,1,dinov2_vits14,True,logistic_regression,224,512,768,768,9,0.9999377727508545,0.9974649482303195,0.9999685287475586,0.9999608993530273,0.004430255436796806,3.075599670410156e-05
29,<repo>\data\raw\ishu_ai_vs_real_2026_seed29_test\AI-images\000009.png,AI-images,1,dinov2_vits14,True,logistic_regression,224,512,1024,1024,9,0.00694658700376749,0.04032415667542308,0.09373930841684341,0.08779670298099518,0.034221482017652585,0.08679272141307592
29,<repo>\data\raw\ishu_ai_vs_real_2026_seed29_test\AI-images\000010.jpeg,AI-images,1,dinov2_vits14,True,logistic_regression,224,512,1024,559,9,0.03264439105987549,0.309688695318376,0.8187873959541321,0.8187580704689026,0.3607851673721257,0.7861430048942566
29,<repo>\data\raw\ishu_ai_vs_real_2026_seed29_test\AI-images\000011.jpeg,AI-images,1,dinov2_vits14,True,logistic_regression,224,512,1024,559,9,0.9999984502792358,0.9999983575608995,1.0,0.9999999403953552,2.913944648351886e-06,1.5497207641601562e-06
29,<repo>\data\raw\ishu_ai_vs_real_2026_seed29_test\AI-images\000012.png,AI-images,1,dinov2_vits14,True,logistic_regression,224,512,1024,1024,9,0.9991689920425415,0.885664572318395,0.9930604696273804,0.9916148781776428,0.16235564910504055,-0.006108522415161133
29,<repo>\data\raw\ishu_ai_vs_real_2026_seed29_test\AI-images\000013.png,AI-images,1,dinov2_vits14,True,logistic_regression,224,512,1402,1122,9,0.9998031258583069,0.9999568197462294,0.9999994039535522,0.9999991059303284,5.0710528215349695e-05,0.00019627809524536133
29,<repo>\data\raw\ishu_ai_vs_real_2026_seed29_test\AI-images\000014.png,AI-images,1,dinov2_vits14,True,logistic_regression,224,512,768,768,9,0.9999890327453613,0.9748199714554681,0.9999600648880005,0.9999187588691711,0.05671334710894946,-2.8967857360839844e-05
29,<repo>\data\raw\ishu_ai_vs_real_2026_seed29_test\AI-images\000015.png,AI-images,1,dinov2_vits14,True,logistic_regression,224,512,1408,768,9,0.9991477727890015,0.9998775190777249,0.9999959468841553,0.9999871253967285,0.00011375540667016396,0.0008481740951538086
29,<repo>\data\raw\ishu_ai_vs_real_2026_seed29_test\AI-images\000016.jpeg,AI-images,1,dinov2_vits14,True,logistic_regression,224,512,1024,559,9,0.9981993436813354,0.9651560187339783,0.9999436140060425,0.9999070763587952,0.07578416677027955,0.0017442703247070312
29,<repo>\data\raw\ishu_ai_vs_real_2026_seed29_test\AI-images\000017.png,AI-images,1,dinov2_vits14,True,logistic_regression,224,512,1024,1024,9,0.9999878406524658,0.9983644353018867,1.0,1.0,0.004247012080292695,1.2159347534179688e-05
29,<repo>\data\raw\ishu_ai_vs_real_2026_seed29_test\AI-images\000018.png,AI-images,1,dinov2_vits14,True,logistic_regression,224,512,768,768,9,0.0007623593555763364,0.3031858755437295,0.9798177480697632,0.930563360452652,0.42070526962143107,0.9790553887141868
29,<repo>\data\raw\ishu_ai_vs_real_2026_seed29_test\AI-images\000019.png,AI-images,1,dinov2_vits14,True,logistic_regression,224,512,1122,1402,9,0.9999969005584717,0.9972199135356479,1.0,1.0,0.0046804065601287635,3.0994415283203125e-06
29,<repo>\data\raw\ishu_ai_vs_real_2026_seed29_test\AI-images\000020.png,AI-images,1,dinov2_vits14,True,logistic_regression,224,512,768,768,9,0.08243067562580109,0.07062399853020906,0.24634882807731628,0.18740645051002502,0.07110697833423575,0.1639181524515152
29,<repo>\data\raw\ishu_ai_vs_real_2026_seed29_test\AI-images\000021.png,AI-images,1,dinov2_vits14,True,logistic_regression,224,512,1402,1122,9,0.9329509735107422,0.9868611097335815,0.9999995231628418,0.9999979734420776,0.0335419484162313,0.06704854965209961
29,<repo>\data\raw\ishu_ai_vs_real_2026_seed29_test\AI-images\000022.png,AI-images,1,dinov2_vits14,True,logistic_regression,224,512,768,768,9,0.9999997615814209,0.999998927116394,0.9999996423721313,0.9999996423721313,9.02638172435804e-07,-1.1920928955078125e-07
29,<repo>\data\raw\ishu_ai_vs_real_2026_seed29_test\AI-images\000023.png,AI-images,1,dinov2_vits14,True,logistic_regression,224,512,768,768,9,0.9981508851051331,0.998675008614858,0.9998916387557983,0.9998139441013336,0.0014340908557399022,0.0017407536506652832
29,<repo>\data\raw\ishu_ai_vs_real_2026_seed29_test\AI-images\000024.png,AI-images,1,dinov2_vits14,True,logistic_regression,224,512,1402,1122,9,0.006862974725663662,0.32936490622038644,0.9998772144317627,0.9186268746852875,0.33944518477371616,0.993014239706099
29,<repo>\data\raw\ishu_ai_vs_real_2026_seed29_test\AI-images\000025.png,AI-images,1,dinov2_vits14,True,logistic_regression,224,512,768,768,9,0.9999994039535522,0.9999971389770508,0.9999996423721313,0.9999995231628418,3.4641416418875645e-06,2.384185791015625e-07
29,<repo>\data\raw\ishu_ai_vs_real_2026_seed29_test\AI-images\000026.png,AI-images,1,dinov2_vits14,True,logistic_regression,224,512,768,768,9,0.9998089671134949,0.655318562562267,0.9854660034179688,0.9721712470054626,0.2982503397617321,-0.014342963695526123
29,<repo>\data\raw\ishu_ai_vs_real_2026_seed29_test\AI-images\000027.png,AI-images,1,dinov2_vits14,True,logistic_regression,224,512,1024,1024,9,0.507979691028595,0.8069733646180894,0.9992884397506714,0.9895295202732086,0.23321351105541122,0.4913087487220764
29,<repo>\data\raw\ishu_ai_vs_real_2026_seed29_test\AI-images\000028.jpeg,AI-images,1,dinov2_vits14,True,logistic_regression,224,512,1024,559,9,0.21447056531906128,0.6063765896898177,0.9999949932098389,0.999842643737793,0.4346741149971963,0.7855244278907776
29,<repo>\data\raw\ishu_ai_vs_real_2026_seed29_test\AI-images\000029.png,AI-images,1,dinov2_vits14,True,logistic_regression,224,512,1024,1024,9,0.9999947547912598,0.9999620185958015,1.0,0.9999999403953552,6.637089994127125e-05,5.245208740234375e-06
29,<repo>\data\raw\ishu_ai_vs_real_2026_seed29_test\AI-images\000030.png,AI-images,1,dinov2_vits14,True,logistic_regression,224,512,1122,1402,9,1.0,0.9327107071876526,1.0,1.0,0.16402491574997446,0.0
29,<repo>\data\raw\ishu_ai_vs_real_2026_seed29_test\AI-images\000031.png,AI-images,1,dinov2_vits14,True,logistic_regression,224,512,1024,1024,9,0.9999992847442627,0.9982748826344808,0.9999997615814209,0.9999984502792358,0.004382202556647237,4.76837158203125e-07
29,<repo>\data\raw\ishu_ai_vs_real_2026_seed29_test\AI-images\000032.png,AI-images,1,dinov2_vits14,True,logistic_regression,224,512,1024,1024,9,0.999993085861206,0.9873875379562378,1.0,1.0,0.03560365825272421,6.9141387939453125e-06
29,<repo>\data\raw\ishu_ai_vs_real_2026_seed29_test\AI-images\000033.png,AI-images,1,dinov2_vits14,True,logistic_regression,224,512,768,768,9,0.016071943566203117,0.013110604835674167,0.03180737420916557,0.030727092176675797,0.011617375356184984,0.015735430642962456
29,<repo>\data\raw\ishu_ai_vs_real_2026_seed29_test\AI-images\000034.png,AI-images,1,dinov2_vits14,True,logistic_regression,224,512,1024,1024,9,0.4239448308944702,0.7790757969228758,0.9999773502349854,0.9998048543930054,0.3417059633266262,0.5760325193405151
29,<repo>\data\raw\ishu_ai_vs_real_2026_seed29_test\AI-images\000035.png,AI-images,1,dinov2_vits14,True,logistic_regression,224,512,649,716,9,0.999998927116394,0.9999933507707384,0.9999982118606567,0.9999979138374329,4.824263703943139e-06,-7.152557373046875e-07
29,<repo>\data\raw\ishu_ai_vs_real_2026_seed29_test\AI-images\000036.png,AI-images,1,dinov2_vits14,True,logistic_regression,224,512,768,768,9,0.9997077584266663,0.9997485942310758,0.9999977350234985,0.9999974370002747,0.00038026860924276275,0.0002899765968322754
29,<repo>\data\raw\ishu_ai_vs_real_2026_seed29_test\AI-images\000037.jpeg,AI-images,1,dinov2_vits14,True,logistic_regression,224,512,1024,559,9,0.004364167805761099,0.29804712658127147,0.7658438086509705,0.6831247210502625,0.2457158879011782,0.7614796408452094
29,<repo>\data\raw\ishu_ai_vs_real_2026_seed29_test\AI-images\000038.jpeg,AI-images,1,dinov2_vits14,True,logistic_regression,224,512,1024,559,9,0.936393678188324,0.945758322874705,0.9999983310699463,0.9999958276748657,0.11394579295087832,0.06360465288162231
29,<repo>\data\raw\ishu_ai_vs_real_2026_seed29_test\AI-images\000039.png,AI-images,1,dinov2_vits14,True,logistic_regression,224,512,1402,1122,9,0.9987456798553467,0.8642084011808038,0.9999996423721313,0.9999986886978149,0.3081023758730209,0.001253962516784668
29,<repo>\data\raw\ishu_ai_vs_real_2026_seed29_test\AI-images\000040.png,AI-images,1,dinov2_vits14,True,logistic_regression,224,512,1401,765,9,0.6589623689651489,0.9895885123146905,0.999972939491272,0.9994887411594391,0.0105989628392327,0.34101057052612305
29,<repo>\data\raw\ishu_ai_vs_real_2026_seed29_test\AI-images\000041.png,AI-images,1,dinov2_vits14,True,logistic_regression,224,512,768,768,9,0.9916290044784546,0.8547115193472968,0.9999994039535522,0.9999753832817078,0.21441556404364095,0.008370399475097656
29,<repo>\data\raw\ishu_ai_vs_real_2026_seed29_test\AI-images\000042.png,AI-images,1,dinov2_vits14,True,logistic_regression,224,512,1024,1024,9,0.9997842907905579,0.9923868378003439,0.9999974966049194,0.9999913573265076,0.019366763798264693,0.00021320581436157227
29,<repo>\data\raw\ishu_ai_vs_real_2026_seed29_test\AI-images\000043.png,AI-images,1,dinov2_vits14,True,logistic_regression,224,512,768,768,9,0.9999825954437256,0.999196900261773,0.9999890327453613,0.9999793767929077,0.0012283295040663071,6.4373016357421875e-06
29,<repo>\data\raw\ishu_ai_vs_real_2026_seed29_test\AI-images\000044.png,AI-images,1,dinov2_vits14,True,logistic_regression,224,512,1024,1024,9,0.9999295473098755,0.9979629715283712,0.9999992847442627,0.9999987483024597,0.004968302482035394,6.973743438720703e-05
29,<repo>\data\raw\ishu_ai_vs_real_2026_seed29_test\AI-images\000045.png,AI-images,1,dinov2_vits14,True,logistic_regression,224,512,1024,1536,9,0.999976634979248,0.7077505389849345,0.9999982118606567,0.9999959468841553,0.41459406812836813,2.1576881408691406e-05
29,<repo>\data\raw\ishu_ai_vs_real_2026_seed29_test\AI-images\000046.png,AI-images,1,dinov2_vits14,True,logistic_regression,224,512,1402,1122,9,0.9966212511062622,0.7162525805045638,0.999998927116394,0.9999978542327881,0.41325359313862553,0.003377676010131836
29,<repo>\data\raw\ishu_ai_vs_real_2026_seed29_test\AI-images\000047.png,AI-images,1,dinov2_vits14,True,logistic_regression,224,512,1536,1024,9,0.9997155070304871,0.9994136161274381,0.9999997615814209,0.9999989867210388,0.0012434687629927451,0.0002842545509338379
29,<repo>\data\raw\ishu_ai_vs_real_2026_seed29_test\AI-images\000048.png,AI-images,1,dinov2_vits14,True,logistic_regression,224,512,2816,1536,9,0.9777976274490356,0.8885131061704468,1.0,0.9999999403953552,0.3140240342993877,0.022202372550964355
29,<repo>\data\raw\ishu_ai_vs_real_2026_seed29_test\AI-images\000049.png,AI-images,1,dinov2_vits14,True,logistic_regression,224,512,1122,1402,9,0.9861299395561218,0.48401846486538286,0.9999854564666748,0.9999579191207886,0.43559879335648855,0.013855516910552979
29,<repo>\data\raw\ishu_ai_vs_real_2026_seed29_test\AI-images\000050.png,AI-images,1,dinov2_vits14,True,logistic_regression,224,512,675,732,9,0.12748655676841736,0.6456346246931288,0.9523494243621826,0.95148566365242,0.21492953164086157,0.8248628675937653
29,<repo>\data\raw\ishu_ai_vs_real_2026_seed29_test\AI-images\000051.png,AI-images,1,dinov2_vits14,True,logistic_regression,224,512,1375,623,9,0.9282386898994446,0.4652267812958194,0.991430938243866,0.9470654428005219,0.38294578066832574,0.06319224834442139
29,<repo>\data\raw\ishu_ai_vs_real_2026_seed29_test\AI-images\000052.png,AI-images,1,dinov2_vits14,True,logistic_regression,224,512,922,755,9,0.4829596281051636,0.5276792662011253,0.9944018721580505,0.9806175827980042,0.3530545115913769,0.511442244052887
29,<repo>\data\raw\ishu_ai_vs_real_2026_seed29_test\AI-images\000053.png,AI-images,1,dinov2_vits14,True,logistic_regression,224,512,768,768,9,0.9999648332595825,0.9999430841869779,0.9999995231628418,0.999999463558197,0.00010036163798495012,3.4689903259277344e-05
29,<repo>\data\raw\ishu_ai_vs_real_2026_seed29_test\AI-images\000054.png,AI-images,1,dinov2_vits14,True,logistic_regression,224,512,768,768,9,4.863461981585715e-06,9.66203199368465e-05,0.0005189391667954624,0.00036416357761481777,0.00016239680895837656,0.0005140757048138767
29,<repo>\data\raw\ishu_ai_vs_real_2026_seed29_test\AI-images\000055.png,AI-images,1,dinov2_vits14,True,logistic_regression,224,512,2816,1536,9,0.2033650130033493,0.8857714600033231,0.999472439289093,0.9993982017040253,0.23125476476571122,0.7961074262857437
29,<repo>\data\raw\ishu_ai_vs_real_2026_seed29_test\Real-images\000056.jpg,Real-images,0,dinov2_vits14,True,logistic_regression,224,512,433,650,3,0.9999995231628418,0.9999831517537435,0.9999991655349731,0.9999988079071045,2.2143069824546855e-05,-3.5762786865234375e-07
29,<repo>\data\raw\ishu_ai_vs_real_2026_seed29_test\Real-images\000057.jpeg,Real-images,0,dinov2_vits14,True,logistic_regression,224,512,625,350,3,0.932348906993866,0.9230947097142538,0.9400714039802551,0.9348628520965576,0.017177437490609574,0.00772249698638916
29,<repo>\data\raw\ishu_ai_vs_real_2026_seed29_test\Real-images\000058.jpg,Real-images,0,dinov2_vits14,True,logistic_regression,224,512,433,650,3,0.9999990463256836,0.9995167056719462,0.999934196472168,0.9999117255210876,0.000558943638953356,-6.4849853515625e-05
29,<repo>\data\raw\ishu_ai_vs_real_2026_seed29_test\Real-images\000059.jpg,Real-images,0,dinov2_vits14,True,logistic_regression,224,512,433,650,3,0.561002254486084,0.7696739832560221,0.9359993934631348,0.860703319311142,0.14266164831659142,0.3749971389770508
29,<repo>\data\raw\ishu_ai_vs_real_2026_seed29_test\Real-images\000060.jpg,Real-images,0,dinov2_vits14,True,logistic_regression,224,512,1080,1080,9,0.9786249995231628,0.7796855469544729,0.9999994039535522,0.999998927116394,0.22050513903502084,0.021374404430389404
29,<repo>\data\raw\ishu_ai_vs_real_2026_seed29_test\Real-images\000061.jpg,Real-images,0,dinov2_vits14,True,logistic_regression,224,512,275,183,1,0.99997878074646,0.99997878074646,0.99997878074646,0.99997878074646,0.0,0.0
29,<repo>\data\raw\ishu_ai_vs_real_2026_seed29_test\Real-images\000062.jpg,Real-images,0,dinov2_vits14,True,logistic_regression,224,512,1080,1080,9,0.21323789656162262,0.34935194631624555,0.9999866485595703,0.9982217848300934,0.3771188993187916,0.7867487519979477
29,<repo>\data\raw\ishu_ai_vs_real_2026_seed29_test\Real-images\000063.jpeg,Real-images,0,dinov2_vits14,True,logistic_regression,224,512,225,225,1,0.9770647287368774,0.9770647287368774,0.9770647287368774,0.9770647287368774,0.0,0.0
29,<repo>\data\raw\ishu_ai_vs_real_2026_seed29_test\Real-images\000064.jpg,Real-images,0,dinov2_vits14,True,logistic_regression,224,512,1200,900,9,0.5994701981544495,0.1816528276540339,0.6770275235176086,0.6298072040081024,0.2443172607022374,0.07755732536315918
29,<repo>\data\raw\ishu_ai_vs_real_2026_seed29_test\Real-images\000065.jpg,Real-images,0,dinov2_vits14,True,logistic_regression,224,512,2060,1164,9,0.00033324447576887906,0.00297283443058897,0.011427740566432476,0.00887619680725038,0.0037189150705309155,0.011094496090663597
29,<repo>\data\raw\ishu_ai_vs_real_2026_seed29_test\Real-images\000066.jpg,Real-images,0,dinov2_vits14,True,logistic_regression,224,512,1080,1064,9,0.0008958596736192703,0.041816806939037415,0.32270628213882446,0.18491918593645096,0.10036684315003903,0.3218104224652052
29,<repo>\data\raw\ishu_ai_vs_real_2026_seed29_test\Real-images\000067.jpg,Real-images,0,dinov2_vits14,True,logistic_regression,224,512,259,194,1,0.029572278261184692,0.029572278261184692,0.029572278261184692,0.029572278261184692,0.0,0.0
29,<repo>\data\raw\ishu_ai_vs_real_2026_seed29_test\Real-images\000068.jpg,Real-images,0,dinov2_vits14,True,logistic_regression,224,512,433,650,3,0.9999502897262573,0.9994971553484598,0.9998834133148193,0.9997280538082123,0.00035031307182888165,-6.687641143798828e-05
29,<repo>\data\raw\ishu_ai_vs_real_2026_seed29_test\Real-images\000069.jpg,Real-images,0,dinov2_vits14,True,logistic_regression,224,512,1080,1176,9,0.0001325556804658845,0.3036027721105812,0.9990416169166565,0.9750725328922272,0.42050172985967926,0.9989090612361906
29,<repo>\data\raw\ishu_ai_vs_real_2026_seed29_test\Real-images\000070.jpg,Real-images,0,dinov2_vits14,True,logistic_regression,224,512,433,650,3,0.9984726309776306,0.9823471705118815,0.9994250535964966,0.9946226477622986,0.017797474108664228,0.0009524226188659668
29,<repo>\data\raw\ishu_ai_vs_real_2026_seed29_test\Real-images\000071.jpg,Real-images,0,dinov2_vits14,True,logistic_regression,224,512,1200,675,9,0.21536631882190704,0.21805779060297129,0.6072651147842407,0.5136832892894745,0.21185689745519753,0.3918987959623337
29,<repo>\data\raw\ishu_ai_vs_real_2026_seed29_test\Real-images\000072.jpg,Real-images,0,dinov2_vits14,True,logistic_regression,224,512,612,408,3,0.9996485710144043,0.9996737241744995,0.9999806880950928,0.9999743700027466,0.00042520870202603306,0.00033211708068847656
29,<repo>\data\raw\ishu_ai_vs_real_2026_seed29_test\Real-images\000073.jpeg,Real-images,0,dinov2_vits14,True,logistic_regression,224,512,225,225,1,0.9646035432815552,0.9646035432815552,0.9646035432815552,0.9646035432815552,0.0,0.0
29,<repo>\data\raw\ishu_ai_vs_real_2026_seed29_test\Real-images\000074.jpg,Real-images,0,dinov2_vits14,True,logistic_regression,224,512,2710,2475,9,0.00025962715153582394,0.2284231162013081,0.9430825710296631,0.7390598654747009,0.32568904236200136,0.9428229438781273
29,<repo>\data\raw\ishu_ai_vs_real_2026_seed29_test\Real-images\000075.jpg,Real-images,0,dinov2_vits14,True,logistic_regression,224,512,259,194,1,0.15584884583950043,0.15584884583950043,0.15584884583950043,0.15584884583950043,0.0,0.0
29,<repo>\data\raw\ishu_ai_vs_real_2026_seed29_test\Real-images\000076.jpg,Real-images,0,dinov2_vits14,True,logistic_regression,224,512,433,650,3,0.37474820017814636,0.3512093424797058,0.5758944153785706,0.45482830703258514,0.17676287701338664,0.2011462152004242
29,<repo>\data\raw\ishu_ai_vs_real_2026_seed29_test\Real-images\000077.jpeg,Real-images,0,dinov2_vits14,True,logistic_regression,224,512,259,194,1,0.998913049697876,0.998913049697876,0.998913049697876,0.998913049697876,0.0,0.0
29,<repo>\data\raw\ishu_ai_vs_real_2026_seed29_test\Real-images\000078.jpg,Real-images,0,dinov2_vits14,True,logistic_regression,224,512,1080,1080,9,0.9994145631790161,0.40395355589377385,0.9970633387565613,0.9714716374874115,0.42656379529281985,-0.002351224422454834
29,<repo>\data\raw\ishu_ai_vs_real_2026_seed29_test\Real-images\000079.jpg,Real-images,0,dinov2_vits14,True,logistic_regression,224,512,1280,720,9,0.003026732476428151,0.19870364032259305,0.6823106408119202,0.6367730498313904,0.2558832913416344,0.679283908335492
29,<repo>\data\raw\ishu_ai_vs_real_2026_seed29_test\Real-images\000080.jpg,Real-images,0,dinov2_vits14,True,logistic_regression,224,512,1080,1080,9,1.1792973964475095e-05,0.000711482686673543,0.005349115934222937,0.003167132497765124,0.0016676667136778386,0.0053373229602584615
29,<repo>\data\raw\ishu_ai_vs_real_2026_seed29_test\Real-images\000081.jpg,Real-images,0,dinov2_vits14,True,logistic_regression,224,512,1080,1080,9,0.9999479055404663,0.9714577727847629,0.9999806880950928,0.9999798536300659,0.07817826349954111,3.2782554626464844e-05
29,<repo>\data\raw\ishu_ai_vs_real_2026_seed29_test\Real-images\000082.jpg,Real-images,0,dinov2_vits14,True,logistic_regression,224,512,512,373,1,0.0001473282027291134,0.0001473282027291134,0.0001473282027291134,0.0001473282027291134,0.0,0.0
29,<repo>\data\raw\ishu_ai_vs_real_2026_seed29_test\Real-images\000083.jpg,Real-images,0,dinov2_vits14,True,logistic_regression,224,512,5170,2992,9,0.00025409800582565367,0.4415945626049809,0.9970203042030334,0.9951472580432892,0.4111111767009114,0.9967662061972078
29,<repo>\data\raw\ishu_ai_vs_real_2026_seed29_test\Real-images\000084.webp,Real-images,0,dinov2_vits14,True,logistic_regression,224,512,800,534,9,0.4108715355396271,0.8608670168452792,0.9557235240936279,0.945648193359375,0.125717966513406,0.5448519885540009
29,<repo>\data\raw\ishu_ai_vs_real_2026_seed29_test\Real-images\000085.jpeg,Real-images,0,dinov2_vits14,True,logistic_regression,224,512,173,291,1,0.002815753221511841,0.002815753221511841,0.002815753221511841,0.002815753221511841,0.0,0.0
29,<repo>\data\raw\ishu_ai_vs_real_2026_seed29_test\Real-images\000086.jpeg,Real-images,0,dinov2_vits14,True,logistic_regression,224,512,201,251,1,0.9932094216346741,0.9932094216346741,0.9932094216346741,0.9932094216346741,0.0,0.0
29,<repo>\data\raw\ishu_ai_vs_real_2026_seed29_test\Real-images\000087.jpg,Real-images,0,dinov2_vits14,True,logistic_regression,224,512,1080,1080,9,0.9993701577186584,0.7385462944447581,0.999993085861206,0.9999905228614807,0.39448728892476786,0.0006229281425476074
29,<repo>\data\raw\ishu_ai_vs_real_2026_seed29_test\Real-images\000088.jpeg,Real-images,0,dinov2_vits14,True,logistic_regression,224,512,275,183,1,0.9174566268920898,0.9174566268920898,0.9174566268920898,0.9174566268920898,0.0,0.0
29,<repo>\data\raw\ishu_ai_vs_real_2026_seed29_test\Real-images\000089.jpg,Real-images,0,dinov2_vits14,True,logistic_regression,224,512,1200,675,9,0.1922367364168167,0.7661775284343295,0.971782386302948,0.9582896530628204,0.2216985871089296,0.7795456498861313
29,<repo>\data\raw\ishu_ai_vs_real_2026_seed29_test\Real-images\000090.jpg,Real-images,0,dinov2_vits14,True,logistic_regression,224,512,1080,1080,9,0.9989553689956665,0.9964877168337504,0.999593198299408,0.9992393255233765,0.003361055095942148,0.0006378293037414551
29,<repo>\data\raw\ishu_ai_vs_real_2026_seed29_test\Real-images\000091.jpg,Real-images,0,dinov2_vits14,True,logistic_regression,224,512,1080,1080,9,0.5215752720832825,0.6030959404177136,0.9623486995697021,0.958280473947525,0.2875256997292904,0.4407734274864197
29,<repo>\data\raw\ishu_ai_vs_real_2026_seed29_test\Real-images\000092.jpg,Real-images,0,dinov2_vits14,True,logistic_regression,224,512,433,650,3,0.9999991655349731,0.9999502499898275,0.9999998807907104,0.9999960064888,6.478673634818918e-05,7.152557373046875e-07
29,<repo>\data\raw\ishu_ai_vs_real_2026_seed29_test\Real-images\000093.jpg,Real-images,0,dinov2_vits14,True,logistic_regression,224,512,433,650,3,0.21907074749469757,0.025278708276649315,0.06936793029308319,0.036652624141424894,0.03118107484670482,-0.14970281720161438
29,<repo>\data\raw\ishu_ai_vs_real_2026_seed29_test\Real-images\000094.jpg,Real-images,0,dinov2_vits14,True,logistic_regression,224,512,1080,1080,9,1.2579564099723939e-05,0.20436317470577908,0.7969398498535156,0.767972469329834,0.307565312290188,0.7969272702894159
29,<repo>\data\raw\ishu_ai_vs_real_2026_seed29_test\Real-images\000095.jpg,Real-images,0,dinov2_vits14,True,logistic_regression,224,512,1080,1130,9,0.9999915361404419,0.9752950535880195,0.9999998807907104,0.9999995827674866,0.040133316398962046,8.344650268554688e-06
29,<repo>\data\raw\ishu_ai_vs_real_2026_seed29_test\Real-images\000096.jpg,Real-images,0,dinov2_vits14,True,logistic_regression,224,512,540,360,3,0.99996018409729,0.999980648358663,0.9999909400939941,0.9999839067459106,7.362936354107537e-06,3.075599670410156e-05
29,<repo>\data\raw\ishu_ai_vs_real_2026_seed29_test\Real-images\000097.jpg,Real-images,0,dinov2_vits14,True,logistic_regression,224,512,433,650,3,0.9938722848892212,0.9662376443545023,0.9985402822494507,0.9921369552612305,0.036998428010283226,0.004667997360229492
29,<repo>\data\raw\ishu_ai_vs_real_2026_seed29_test\Real-images\000098.jpg,Real-images,0,dinov2_vits14,True,logistic_regression,224,512,6000,4000,9,0.0010737486882135272,0.2916775473559371,0.9999988079071045,0.9961621165275574,0.42415244031575444,0.998925059218891
29,<repo>\data\raw\ishu_ai_vs_real_2026_seed29_test\Real-images\000099.jpg,Real-images,0,dinov2_vits14,True,logistic_regression,224,512,2055,2560,9,0.7170417904853821,0.434529161064145,0.9999946355819702,0.9999937415122986,0.4751913377904372,0.28295284509658813
29,<repo>\data\raw\ishu_ai_vs_real_2026_seed29_test\Real-images\000100.jpg,Real-images,0,dinov2_vits14,True,logistic_regression,224,512,1080,1080,9,0.9987952709197998,0.9045696258544922,0.9998182654380798,0.9981479644775391,0.23177786043617937,0.0010229945182800293
29,<repo>\data\raw\ishu_ai_vs_real_2026_seed29_test\Real-images\000101.jpeg,Real-images,0,dinov2_vits14,True,logistic_regression,224,512,201,251,1,0.9992875456809998,0.9992875456809998,0.9992875456809998,0.9992875456809998,0.0,0.0
29,<repo>\data\raw\ishu_ai_vs_real_2026_seed29_test\Real-images\000102.jpg,Real-images,0,dinov2_vits14,True,logistic_regression,224,512,1080,1080,9,0.1789872646331787,0.27772656723391265,0.998701810836792,0.8495288491249084,0.32666161530655674,0.8197145462036133
29,<repo>\data\raw\ishu_ai_vs_real_2026_seed29_test\Real-images\000103.jpeg,Real-images,0,dinov2_vits14,True,logistic_regression,224,512,252,200,1,2.89579588752531e-07,2.89579588752531e-07,2.89579588752531e-07,2.89579588752531e-07,0.0,0.0
29,<repo>\data\raw\ishu_ai_vs_real_2026_seed29_test\Real-images\000104.jpeg,Real-images,0,dinov2_vits14,True,logistic_regression,224,512,250,187,1,0.04718726500868797,0.04718726500868797,0.04718726500868797,0.04718726500868797,0.0,0.0
29,<repo>\data\raw\ishu_ai_vs_real_2026_seed29_test\Real-images\000105.jpg,Real-images,0,dinov2_vits14,True,logistic_regression,224,512,433,650,3,0.07275364547967911,0.05606866907328367,0.11794552206993103,0.07745584100484848,0.044808091846920126,0.04519187659025192
29,<repo>\data\raw\ishu_ai_vs_real_2026_seed29_test\Real-images\000106.jpg,Real-images,0,dinov2_vits14,True,logistic_regression,224,512,1080,1080,9,0.9999996423721313,0.996846338113149,0.9999997615814209,0.999981701374054,0.005553044970391271,1.1920928955078125e-07
29,<repo>\data\raw\ishu_ai_vs_real_2026_seed29_test\Real-images\000107.jpeg,Real-images,0,dinov2_vits14,True,logistic_regression,224,512,185,273,1,0.007870646193623543,0.007870646193623543,0.007870646193623543,0.007870646193623543,0.0,0.0
29,<repo>\data\raw\ishu_ai_vs_real_2026_seed29_test\Real-images\000108.jpg,Real-images,0,dinov2_vits14,True,logistic_regression,224,512,612,408,3,0.9999939203262329,0.9999876419703165,0.9999954700469971,0.9999933838844299,8.297019838963445e-06,1.5497207641601562e-06
29,<repo>\data\raw\ishu_ai_vs_real_2026_seed29_test\Real-images\000109.jpg,Real-images,0,dinov2_vits14,True,logistic_regression,224,512,433,650,3,0.9992626309394836,0.9997421304384867,0.9999877214431763,0.9999415874481201,0.0002845788017117161,0.000725090503692627
29,<repo>\data\raw\ishu_ai_vs_real_2026_seed29_test\Real-images\000110.jpg,Real-images,0,dinov2_vits14,True,logistic_regression,224,512,1080,1108,9,0.9999686479568481,0.6780871905858576,0.9999998807907104,0.9999983310699463,0.45567904443124735,3.123283386230469e-05
29,<repo>\data\raw\ishu_ai_vs_real_2026_seed29_test\Real-images\000111.jpg,Real-images,0,dinov2_vits14,True,logistic_regression,224,512,1080,1080,9,0.008018473163247108,0.17547100556882672,0.9126033782958984,0.6377642899751663,0.2832241366593226,0.9045849051326513
29,<repo>\data\raw\ishu_ai_vs_real_2026_seed29_test\Real-images\000112.jpg,Real-images,0,dinov2_vits14,True,logistic_regression,224,512,2584,4592,9,0.9992639422416687,0.3365860759869166,0.984027624130249,0.9815424680709839,0.4522264415303382,-0.015236318111419678
29,<repo>\data\raw\ishu_ai_vs_real_2026_seed29_test\Real-images\000113.jpg,Real-images,0,dinov2_vits14,True,logistic_regression,224,512,4835,2655,9,0.923923671245575,0.3211756901474069,0.999813973903656,0.9995495080947876,0.40974502337367213,0.07589030265808105
